-- phpMyAdmin SQL Dump
-- version 5.0.2
-- https://www.phpmyadmin.net/
--
-- Hôte : 127.0.0.1:3306
-- Généré le : Dim 27 fév. 2022 à 12:56
-- Version du serveur :  10.4.13-MariaDB
-- Version de PHP : 7.4.9

SET SQL_MODE = "NO_AUTO_VALUE_ON_ZERO";
START TRANSACTION;
SET time_zone = "+00:00";


/*!40101 SET @OLD_CHARACTER_SET_CLIENT=@@CHARACTER_SET_CLIENT */;
/*!40101 SET @OLD_CHARACTER_SET_RESULTS=@@CHARACTER_SET_RESULTS */;
/*!40101 SET @OLD_COLLATION_CONNECTION=@@COLLATION_CONNECTION */;
/*!40101 SET NAMES utf8mb4 */;

--
-- Base de données : mediatekformations
--

-- --------------------------------------------------------

--
-- Structure de la table doctrine_migration_versions
--

DROP TABLE IF EXISTS doctrine_migration_versions;
CREATE TABLE doctrine_migration_versions (
  version varchar(191) COLLATE utf8_unicode_ci NOT NULL,
  executed_at datetime DEFAULT NULL,
  execution_time int(11) DEFAULT NULL
) ENGINE=InnoDB DEFAULT CHARSET=utf8 COLLATE=utf8_unicode_ci;

--
-- Déchargement des données de la table doctrine_migration_versions
--

INSERT INTO doctrine_migration_versions (`version`, executed_at, execution_time) VALUES
('DoctrineMigrations\\Version20211204153724', '2021-12-04 15:39:21', 221),
('DoctrineMigrations\\Version20220207165714', '2022-02-07 16:59:23', 203),
('DoctrineMigrations\\Version20220207170905', '2022-02-07 17:09:19', 924);

-- --------------------------------------------------------

--
-- Structure de la table formation
--

DROP TABLE IF EXISTS formation;
CREATE TABLE formation (
  id int(11) NOT NULL,
  published_at datetime DEFAULT NULL,
  title varchar(100) COLLATE utf8mb4_unicode_ci DEFAULT NULL,
  description longtext COLLATE utf8mb4_unicode_ci DEFAULT NULL,
  miniature varchar(100) COLLATE utf8mb4_unicode_ci DEFAULT NULL,
  picture varchar(100) COLLATE utf8mb4_unicode_ci DEFAULT NULL,
  video_id varchar(11) COLLATE utf8mb4_unicode_ci DEFAULT NULL,
  niveau_id int(11) DEFAULT NULL
) ENGINE=InnoDB DEFAULT CHARSET=utf8mb4 COLLATE=utf8mb4_unicode_ci;

--
-- Déchargement des données de la table formation
--

INSERT INTO formation (id, published_at, title, description, miniature, picture, video_id, niveau_id) VALUES
(1, '2020-12-28 00:00:00', 'Eclipse n°8 : Déploiement', 'Exécution de l\'application en dehors de l\'IDE, en invite de commande.\r\nCréation d\'un ficher jar pour le déploiement de l\'application.\r\n00:20 : exécuter l\'application à partir d\'un invite de commandes\r\n04:41 : créer un fichier jar auto exécutable\r\n06:42 : exécuter un fichier jar directement\r\n07:09 : exécuter un fichier jar dans l\'invite de commande pour avoir les retours console', 'https://i.ytimg.com/vi/Z4yTTXka958/default.jpg', 'https://i.ytimg.com/vi/Z4yTTXka958/sddefault.jpg', 'Z4yTTXka958', 1),
(2, '2020-12-28 21:55:06', 'Eclipse n°7 : Tests unitaires', 'Intégration de JUnit dans l\'application et création de tests unitaires.\r\n00:07 : rappel sur le principe du test unitaire\r\n01:01 : intégrer JUnit au projet (une seule fois)\r\n01:52 : créer une classe de test\r\n03:49 : créer une méthode de test\r\n08:35 : lancer le test\r\n09:11 : créer une autre méthode de test pour tester la même méthode\r\n11:02 : relancer le test', 'https://i.ytimg.com/vi/-nw42Xq6cYE/default.jpg', 'https://i.ytimg.com/vi/-nw42Xq6cYE/sddefault.jpg', '-nw42Xq6cYE', 3),
(3, '2020-12-28 21:49:27', 'Eclipse n°6 : Documentation technique', 'Intégration des commentaires normalisés et génération automatique de la documentation technique\r\n00:08 : insérer des commentaires normalisés\r\n02:14 : générer documentation technique\r\n04:35 : repérer et corriger les erreurs et warnings\r\n06:58 : afficher la documentation technique', 'https://i.ytimg.com/vi/PrK_P3TKc00/default.jpg', 'https://i.ytimg.com/vi/PrK_P3TKc00/sddefault.jpg', 'PrK_P3TKc00', 2),
(4, '2020-12-28 21:37:57', 'Eclipse n°5 : Refactoring', 'Utilisation des outils de refactoring et de génération automatique de code.\r\n01:00 : refaire automatiquement les indentations\r\n01:25 : changer un nom (classe, méhode, propriété)\r\n04:04 : extraire une méthode\r\n06:19 : modifier la signature d\'une méthode\r\n09:23 : générer du code (constructeur, getter/setter)\r\n12:34 : encapsuler une propriété\r\n15:30 : extraire une interface', 'https://i.ytimg.com/vi/1p_mKDDSMnQ/default.jpg', 'https://i.ytimg.com/vi/1p_mKDDSMnQ/sddefault.jpg', '1p_mKDDSMnQ', 3),
(5, '2020-11-04 14:06:07', 'Eclipse n°4 : WindowBuilder', 'Intégration de l\'outil WindowBuilder dans Eclipse pour pouvoir construire de façon visuelle, une interface graphique.\r\n00:00 : téléchargement et configuration de WindowBuilder\r\n03:00 : création d\'une JFrame avec WindowBuilder\r\n05:56 : construction de l\'interface graphique\r\n\r\n10:43 : gestion des événements\r\n16:15 : gestion des ressources graphiques (images...)', 'https://i.ytimg.com/vi/pQfbr3hpw04/default.jpg', 'https://i.ytimg.com/vi/pQfbr3hpw04/sddefault.jpg', 'pQfbr3hpw04', 1),
(6, '2020-11-03 17:39:37', 'Eclipse n°3 : GitHub et Eclipse', 'Créer un compte sur le site GitHub (site offrant un serveur de gestion de versions pour mémoriser les différentes étapes d\'un projet et pour le travail collaboratif).\r\nLier ce compte à un projet sous Eclipse.\r\nUtiliser ce lien pour enregistrer à distance (commit and push), annuler un commit (revert commit) ou récupérer un projet distant (clone).\r\n\r\n\r\nSommaire :\r\n\r\n00:00 : création d\'un compte GitHub\r\n01:17 : création d\'un repository sur GitHub\r\n\r\n02:35 : création d\'un projet sous Eclipse\r\n\r\n05:07 : création d\"un dépôt local dans Eclipse\r\n07:17 : lien avec le dépôt distant (premier enregistrement : commit and push)\r\n13:00 : annulation d\'un commit (revert commit)\r\n15:28 : récupération d\'un projet distant (clone)\r\n\r\n\r\nERRATUM :\r\n1:48 : je dis que qu\'un repository privé est payant. En fait, il semblerait que depuis janvier 2019, il soit gratuit avec une limite de 3 collaborateurs par repository (merci à Kassim Acacia pour le signalement)', 'https://i.ytimg.com/vi/mlN7VvZkXtM/default.jpg', 'https://i.ytimg.com/vi/mlN7VvZkXtM/sddefault.jpg', 'mlN7VvZkXtM', 2),
(7, '2020-11-03 17:19:30', 'Eclipse n°2 : rétroconception avec ObjectAid', 'Utilisation de l\'outil ObjectAid sous Eclipse pour faire de la rétroconception sur les classes, c\'est-à-dire obtenir le diagramme de classes à partir de classes existantes.', 'https://i.ytimg.com/vi/9UBtVxHsnNk/default.jpg', 'https://i.ytimg.com/vi/9UBtVxHsnNk/sddefault.jpg', '9UBtVxHsnNk', 2),
(8, '2020-11-03 17:02:18', 'Eclipse n°1 : installation de l\'IDE', 'Première vidéo d\'une série sur Eclipse et le développement Java.\r\nInstallation du JDK et d\'Eclipse 2020-09.', 'https://i.ytimg.com/vi/EBzTRPgbqdc/default.jpg', 'https://i.ytimg.com/vi/EBzTRPgbqdc/sddefault.jpg', 'EBzTRPgbqdc', 1),
(9, '2020-11-01 16:22:51', 'UML : Diagramme de paquetages', 'Présentation des éléments qui constituent un diagramme de paquetages.', 'https://i.ytimg.com/vi/Wkbwzfybk1E/default.jpg', 'https://i.ytimg.com/vi/Wkbwzfybk1E/sddefault.jpg', 'Wkbwzfybk1E', 1),
(10, '2020-10-30 09:36:20', 'UML : Diagramme de classes', 'Présentation des éléments qui constituent un diagramme de classes', 'https://i.ytimg.com/vi/odKgwPftibM/default.jpg', 'https://i.ytimg.com/vi/odKgwPftibM/sddefault.jpg', 'odKgwPftibM', 3),
(11, '2020-09-25 16:05:00', 'Pencil : Maquettage d\'une application', 'Présentation de plusieurs possibilités de l\'outil Pencil qui permet de dessiner  des maquettes d\'interfaces d\'applications.\r\nPossibilité de lier des interfaces et de voir la navigation suite à un export au format web.\r\nPossibilité d\'exporter au format pdf.', 'https://i.ytimg.com/vi/OBIkZybO5x8/default.jpg', 'https://i.ytimg.com/vi/OBIkZybO5x8/sddefault.jpg', 'OBIkZybO5x8', 1),
(12, '2020-09-24 15:33:23', 'UML : Diagramme d\'activité', 'Présentation du tableau descriptif d\'un cas d\'utilisation et la représentation graphique de son scénario avec un diagramme d\'activité.', 'https://i.ytimg.com/vi/D4tnhIpYYSM/default.jpg', 'https://i.ytimg.com/vi/D4tnhIpYYSM/sddefault.jpg', 'D4tnhIpYYSM', 2),
(13, '2020-09-24 04:06:50', 'UML : Diagramme de cas d\'utilisation', 'Présentation du diagramme de cas d\'utilisation à travers la construction d\'un exemple.', 'https://i.ytimg.com/vi/LDTDlXMV1xY/default.jpg', 'https://i.ytimg.com/vi/LDTDlXMV1xY/sddefault.jpg', 'LDTDlXMV1xY', 2),
(14, '2020-08-07 05:59:10', 'C# : ListBox en couleur', 'Comment mettre les lignes d\'une ListBox en couleur, en fonction de certains critères.\r\n\r\n00:00 : affichage simple\r\n00:39 : couleurs sur les boutons radios\r\n01:12 : DrawMode et DrawItem sur ListBox\r\n02:20 : documentation officielle sur Internet\r\n06:00 : code de DrawItem\r\n10:22 : tests', 'https://i.ytimg.com/vi/Ce3nT4g5SKk/default.jpg', 'https://i.ytimg.com/vi/Ce3nT4g5SKk/sddefault.jpg', 'Ce3nT4g5SKk', 1),
(15, '2020-08-03 05:20:55', 'C# : Documentation technique', 'Comment générer automatiquement une documentation technique sous Visual Studio.\r\nLe fichier généré étant au format XML, il est plus pratique d\'utiliser un outil pour obtenir un autre format plus lisible, comme un site HTML.\r\nL\'outil utilisé dans cette vidéo est Sandcastle, téléchargeable ici :\r\nhttps://github.com/EWSoftware/SHFB/releases\r\n\r\n00:00 : configuration du projet pour créer la doc technique\r\n00:48 : ajout des commentaires normalisés\r\n03:53 : génération de la doc au format xml\r\n04:45 : téléchargement et installation de SandCastle\r\n09:37 : création du projet sous SandCastle\r\n11:58 : obtention du site de la doc technique', 'https://i.ytimg.com/vi/GH5FgAUanhw/default.jpg', 'https://i.ytimg.com/vi/GH5FgAUanhw/sddefault.jpg', 'GH5FgAUanhw', 1),
(16, '2020-08-02 16:19:06', 'C# : Lier List et ListBox', 'Comment lier une List à une ListBox, afin de pouvoir récupérer le bon objet dans la List, lors d\'une sélection d\'une ligne dans la ListBox.\r\n\r\nNotions abordées : \r\nRécupération de l\'indice de ligne de la ListBox, qui est aussi l\'indice de l\'objet dans la List.\r\n\r\nPossibilité de lier les 2 avec DataSource. \r\n\r\nUtilisation de BindingList pour le lien.\r\n\r\n\r\n00:00 : rappel sur le remplissage du ListBox\r\n00:58 : gérer la suppression\r\n06:03 : lien avec DataSource\r\n08:39 : BindingList', 'https://i.ytimg.com/vi/-Zt1vbdUdnQ/default.jpg', 'https://i.ytimg.com/vi/-Zt1vbdUdnQ/sddefault.jpg', '-Zt1vbdUdnQ', 3),
(17, '2020-07-31 15:48:31', 'C# : Tri avec ToString et CompareTo', 'Comment gérer le tri sur le titre, dans la liste, alors que la première information affichée est l\'année de sortie.\r\n\r\nNotions abordées : \r\nToString : méthode existante dans la classe Object (mère de toutes les classes) qui permet de transformer une variable (quel que soit son type) en chaîne. Cette méthode peut être redéfinie  (override) dans n\'importe quelle classe, afin de définir notre propre formatage de la transformation en chaîne.\r\nCompareTo : méthode présente dans l\'interface IComparable (il faut donc que la classe implémente IComparable) et qui permet de comparer 2 informations. Cette méthode sert à la gestion de tris (en gérant une comparaison personnalisée).\r\n\r\n00:49 : méthode ToString\r\n03:32 : méthode CompareTo\r\n06:19 : méthode Sort qui utilise CompareTo\r\n07:45 : tests', 'https://i.ytimg.com/vi/LwkGsXCUdeg/default.jpg', 'https://i.ytimg.com/vi/LwkGsXCUdeg/sddefault.jpg', 'LwkGsXCUdeg', 3),
(18, '2020-07-27 12:15:11', 'C# : Sérialisation d\'objets', 'Enregistrement de la liste d\'objets dans un fichier binaire, pour pouvoir récupérer les informations après avoir fermé et réouvert l\'application. C\'est une méthode simple et légère pour sauvegarder des données provenant d\'objets métiers. Cette méthode de sauvegarde, intéressante dans certains cas, reste limitée.\r\nNotions abordées : sérialisation, classe sérialisable.\r\n\r\nClasse Serialise à récupérer :\r\nhttps://bit.ly/EmdsClasseSerialise\r\n(j\'ai mis comme namespace TestHeritage, comme celui de l\'application)\r\n\r\n00:00 : présentation de la classe Serialise\r\n02:25 : besoin d\'un nom de fichier\r\n02:59 : sauvegarde de l\'objet\r\n03:43 : récupération de l\'objet\r\n05:27 : classes sérialisables\r\n06:00 : test (les informations sont récupérées après fermeture)\r\n07:00 : intérêt et limite de la sérialisation \r\n\r\nErreur : 1min36 je dis que \"les méthodes sont accessibles directement par le nom de la classe car la classe est abstraite\". J\'ai oublié de compléter par le fait que ses méthodes sont statiques car le but de cette classe n\'est pas d\'être mère d\'autres classes mais juste de proposer des méthodes. Du coup, sachant qu\'elle est abstraite, donc qu\'il ne sera pas possible de créer des objets du type de cette classe et que ses méthodes ne seront pas accessibles à partir de classes filles, alors ses méthodes doivent être statiques. Et c\'est justement parce qu\'elles sont statiques qu\'elles sont accessibles directement par le nom de la classe, et pas par un objet.\r\n\r\nRemarque : Vous remarquerez que j\'insiste dans mon erreur scandaleuse de date pour la sortie de Star Wars 4...', 'https://i.ytimg.com/vi/OL_qY2ennMo/default.jpg', 'https://i.ytimg.com/vi/OL_qY2ennMo/sddefault.jpg', 'OL_qY2ennMo', 1),
(19, '2020-07-27 08:39:17', 'C# : Classes et héritage', 'Utilisation de classes métiers pour mémoriser des informations et les utiliser pour remplir une ListBox.\r\nNotions abordées : classe, constructeur, getter, héritage, this, classes abstraite, méthode abstraite redéfinie dans les classes filles (override), polymorphisme, transtypage.\r\n\r\n00:00 : présentation de l\'interface\r\n01:34 : notion de classe au niveau des objets graphiques\r\n02:20 : création d\'une classe métier\r\n03:35 : constructeur\r\n05:25 : getters\r\n07:17 : héritage\r\n11:32 : notion de this\r\n13:10 : rendre un objet graphique visible ou non\r\n18:02 : utilisation de la classe List\r\n20:19 : déclaration d\'un objet métier\r\n21:20 : classe abstraite\r\n22:08 : création d\'objets de classes héritées\r\n25:58 : remplir la listBox à partir de l\'objet List\r\n33:00 : test du type de l\'objet \r\n33:50 : remplir la ListBox à partir d\'une seule méthode override\r\n39:44 : test\r\n\r\nRemarque n°1 : désolée pour l\'énorme erreur sur la date de sortie de Star Wars 4. Ce n\'est bien sûr pas en 87 mais en 78. Honte à moi qui en plus ai eu la chance de le voir au cinéma à sa sortie.\r\n\r\nRemarque n°2 : Désolée de l\'absence de commentaires. J\'ai dit que c\'était pour réduire la durée de la vidéo, déjà bien longue. Mais j\'aurais pu le faire en off (en faisant une pause sur la vidéo).', 'https://i.ytimg.com/vi/0VDbDYREVcU/default.jpg', 'https://i.ytimg.com/vi/0VDbDYREVcU/sddefault.jpg', '0VDbDYREVcU', 3),
(20, '2020-07-20 16:35:19', 'C# : lier Github à Visual Studio', 'Pour un travail professionnel sur des projets en commun, il est possible de configurer Visual Studio pour qu\'il communique avec GitHub. \r\nCette vidéo montre comment réaliser cette configuration mais aussi comment publier un projet, récupérer le clone pour travailler sur une branche indépendante puis envoyer des propositions de modifications de code au développeur principal qui peut valider ou refuser les modifications.\r\nNotions abordées : commit, push, pull request, merge.\r\n\r\n00:00 : téléchargement et installation Github\r\n01:32 : configuration de Github dans Visual Studio\r\n02:47 : publication sur GitHub\r\n03:30 : création compte sous Github\r\n04:51 : connexion au compte Github à partir de Visual Studio\r\n05:11 : publication du projet sur Github\r\n07:02 : création d\'un nouveau projet à partir du clône\r\n09:12 : création d\'une branche\r\n10:18 : modifications sur le code\r\n11:25 : enregistrement des modifications sur Github (commit and push)\r\n12:53 : envoi d\'une requête de tirage (pull request)\r\n14:30 : possibilités du développeur sous GitHub\r\n15:00 : gestion des messages entre Github et Visual Studio\r\n16:20 : affichage des modifications proposées\r\n17:12 : validation des modifications (merge pull request)\r\n18:29 : autre modification sur le code avec toute la démarche\r\n20:06 : refus de la demande (close pull request)\r\n\r\n\r\nIMPORTANT :\r\nA 02:47 \"publication sur GitHub, si le bouton \"prise en main\" n\'a aucune action, voici le mode opératoire à suivre :\r\n1. Allez vous même dans la fenêtre \"Team Explorer\" et sélectionnez \"Synchroniser\" : vous pourrez alors continuer le guide.\r\n2. Si à 5:45, au niveau de GitHub, vous n\'avez qu\'un commit au lieu de 2 et, dans la liste des fichiers, vous ne voyez pas le fichier \"Calculs.sln\", alors vous devez gérer vous-même le commit. Pour cela, allez dans \"Team Explorer\" puis \"Accueil\" (la maison) et sélectionnez \"Modifications\". Mettez un commentaire puis sélectionnez \"Valider tout et pousser\" (surtout, prenez bien \"et pousser\" et non pas juste \"valider tout\"). Vérifiez sur GitHub que le commit a bien été enregistré.\r\n\r\n\r\n\r\nERREUR : \r\nA 08:00, je dis qu\'il faut donner un nom de dossier qui correspond au nom du projet, ce qui est faux car le dossier va se créer automatiquement.', 'https://i.ytimg.com/vi/p4Y0WvpEGgU/default.jpg', 'https://i.ytimg.com/vi/p4Y0WvpEGgU/sddefault.jpg', 'p4Y0WvpEGgU', 3),
(21, '2020-07-20 15:27:16', 'C# : création d\'objets graphiques dans le code', 'Allons plus loin dans le code des applications de bureau en C# (sous Visual Studio 2019) :\r\nApprendre à créer des objets graphiques directement dans le code (objets simples et aussi groupes d\'objets).\r\n00:00 : intérêt\r\n00:46 : présentation de l\'interface\r\n01:06 : création d\'un objet simple dans le code (bouton)\r\n02:59 : affectation de l\'objet à un conteneur d\'affichage\r\n06:15 : taille et position\r\n08:37 : TabIndex\r\n09:10 : Text\r\n09:43 : création de la capture de l\'événement liée à l\'objet\r\n11:08 : création de la procédure événementielle correspondante\r\n13:07 : création d\'un conteneur pour insérer plusieurs objets graphiques\r\n15:04 : création d\'une boucle pour générer plusieurs objets\r\n15:30 : déclaration et création de l\'objet\r\n16:34 : ajout dans le groupe \r\n17:06 : calcul de la position\r\n18:26 : construction du texte par calcul (lettre de l\'alphabet)\r\n21:14 : création de la capture de l\'événement liée à tous les objets\r\n22:20 : création de la procédure événementielle unique pour tous les objets\r\n23:01 : utilisation du paramètre sender\r\n25:29 : exécution pour tester', 'https://i.ytimg.com/vi/3RayCDFo_pI/default.jpg', 'https://i.ytimg.com/vi/3RayCDFo_pI/sddefault.jpg', '3RayCDFo_pI', 3),
(22, '2020-07-20 13:14:14', 'C# : utilisation des objets graphiques', 'Pour les débutants en application de bureau sous C# (sous Visual Studio 2019) :\r\nComprendre les événements, gérer les objets graphiques dans le code, sécuriser l\'interface.\r\n00:00 : création de l\'application de bureau\r\n00:34 : création de l\'interface\r\n05:25 : 1e méthode de création d\'une procédure événementielle\r\n05:43 : 2e méthode de création d\'une procédure événementielle\r\n06:46 : 3e méthode de création d\'une procédure événementielle\r\n08:01 : présentation du code généré automatiquement dans Designer\r\n12:05 : lien entre capture d\'événement et procédure événementielle\r\n13:26 : supprimer proprement une procédure événementielle\r\n17:22 : erreur lors d\'une mauvaise suppression d\'une procédure événementielle\r\n19:14 : gestion du focus\r\n20:58 : ajout dans une liste, passage en majuscule, utilisation de variables locales\r\n24:14 : événement KeyPress et utilisation du paramètre de type KeyPressEventArgs\r\n27:08 : appel volontaire d\'une procédure événementielle\r\n27:40 : suppression d\'une ligne d\'une liste si une ligne est sélectionnée\r\n29:57 : MessageBox (boite de dialogue) simple\r\n31:16 : MessageBox pour une demande de confirmation\r\n33:57 : événement SelectedIndexChanged sur une liste\r\n35:52 : exécution pour tester\r\n38:29 : création d\'un module non événementiel avec la refactorisation\r\n41:42 : optimisation d\'un module non événementiel\r\n42:24 : exécution pour tester\r\n43:18 : propriété Enabled\r\n45:27 : exécution pour tester\r\n\r\nAutres remarques :\r\nVous avez dû remarquer un flottement à 40mn25s : Visual Studio avait planté...\r\nJ\'ai aussi fait une bêtise à 42mn13s en supprimant une ligne où le label était remis à vide alors que je devais supprimé le texte remis à vide.', 'https://i.ytimg.com/vi/wkzXQGQiZHA/default.jpg', 'https://i.ytimg.com/vi/wkzXQGQiZHA/sddefault.jpg', 'wkzXQGQiZHA', 1),
(23, '2020-07-19 15:49:43', 'C# : événementiel contre séquentiel', 'Pour les débutants en application de bureau sous C# (sous Visual Studio 2019) :\r\nDifférence d\'approche entre une application séquentielle en mode console et une application événementielle en mode graphique.\r\nUne même application est présentée sous les deux modes de programmation.\r\n00:00 : présentation de la version séquentielle en mode console\r\n01:56 : présentation de la version événementielle en mode graphique\r\n03:55 : création d\'une procédure événementielle sur le clic\r\n11:00 : appel volontaire d\'une procédure événementielle\r\n12:07 : création d\'une procédure événementielle sur le changement d\'un texte\r\n13:24 : création d\'un module non événementiel', 'https://i.ytimg.com/vi/euZqLEU2F_E/default.jpg', 'https://i.ytimg.com/vi/euZqLEU2F_E/sddefault.jpg', 'euZqLEU2F_E', 3),
(24, '2020-07-13 16:57:39', 'C# : présentation des objets graphiques', 'Pour les débutants en application de bureau sous C# (sous Visual Studio 2019) :\r\nPrésentation des objets graphiques les plus courants.\r\n00:00 Création d\'un projet de type \"application de bureau\"\r\n00:40 Présentation de l\'interface graphique\r\n01:29 Catégories d\'objets graphiques\r\n03:01 Placer un objet, gérer les alignements et modifier ses propriétés (exemple avec un bouton)\r\n05:51 Nommer un objet\r\n07:02 Sauvegarder\r\n07:13 Supprimer des objets\r\n07:25 ChexBox (case à cocher)\r\n08:38 CheckedListBox (liste de cases à cocher)\r\n10:10 ComboBox (liste déroulante)\r\n10:43 DateTimePicker (sélectionneur de date)\r\n11:17 Label (étiquette informative)\r\n12:27 LinkLabel (lien hyptertexte)\r\n12:39 ListBox (Liste d\'informations)\r\n13:23 NumericUpDown (sélectionneur numérique)\r\n14:00 PictureBox (image)\r\n15:50 RadioButton (bouton radio)\r\n17:19 TextBox (zone de saisie de texte)\r\n18:12 Exécution\r\n19:38 ListBox sélection multiple\r\n20:00 GroupBox (Boite de regroupement) par exemple pour regrouper les boutons radios\r\n21:22 Exécution\r\n21:48 MenuTrip (menu)', 'https://i.ytimg.com/vi/xBmwCrtqazU/default.jpg', 'https://i.ytimg.com/vi/xBmwCrtqazU/sddefault.jpg', 'xBmwCrtqazU', 3),
(25, '2019-12-10 15:08:07', 'Python n°18 : Décorateur singleton', 'Nouvel exemple de décorateur qui cette fois, décore une classe et non une fonction. Ce décorateur permet de faire en sorte qu\'une classe soit un singleton.\r\nUne classe singleton est une classe qui ne peut être instanciée qu\'une seule fois.', 'https://i.ytimg.com/vi/BLPIdhAHQmQ/default.jpg', 'https://i.ytimg.com/vi/BLPIdhAHQmQ/sddefault.jpg', 'BLPIdhAHQmQ', 2),
(26, '2019-12-02 10:37:33', 'Python n°17 : Décorateur exemple simple', 'Décorateur pour calculer le temps d\'exécution de fonctions. Exemple montrant la différence de performance entre 2 types de boucles.', 'https://i.ytimg.com/vi/24_M88Ebyp0/default.jpg', 'https://i.ytimg.com/vi/24_M88Ebyp0/sddefault.jpg', '24_M88Ebyp0', 3),
(27, '2019-11-22 10:44:38', 'Python n°16 : Décorateurs', 'Présentation théorique de la notion de décorateurs.', 'https://i.ytimg.com/vi/0bMI9Z1XgIE/default.jpg', 'https://i.ytimg.com/vi/0bMI9Z1XgIE/sddefault.jpg', '0bMI9Z1XgIE', 2),
(28, '2019-11-20 15:04:20', 'Python n°15 : Paramètres des fonctions', 'Présentation des différentes possibilités de paramètres d\'une fonction : \r\n- paramètres simples\r\n- paramètres initialisés\r\n- paramètres non nommés de nombre variable (liste)\r\n- paramètres nommés de nombre variable (dictionnaire)', 'https://i.ytimg.com/vi/EsXg1o3u-g4/default.jpg', 'https://i.ytimg.com/vi/EsXg1o3u-g4/sddefault.jpg', 'EsXg1o3u-g4', 3),
(29, '2019-10-28 12:52:05', 'Python n°14 : Héritage', 'Notion d\'héritage, appel du constructeur de la classe mère pour valoriser les propriétés de la classe mère, test du type d\'un objet.\r\nPour voir ces notions, reprise de l\'exercice de la vidéo 12 sur la création de la classe Personnage :\r\nhttps://youtu.be/KHsEAuZdS5w\r\navec ajout des classes filles Mortel et Immortel.', 'https://i.ytimg.com/vi/hWtHkP9uwR8/default.jpg', 'https://i.ytimg.com/vi/hWtHkP9uwR8/sddefault.jpg', 'hWtHkP9uwR8', 1),
(30, '2019-10-25 13:46:16', 'Python n°13 : Encapsulation', 'Technique pour gérer les getter et setter sous Python pour éviter l\'accès direct aux propriétés.\r\nLa vidéo repart de l\'exercice précédent (12) :\r\nhttps://youtu.be/KHsEAuZdS5w', 'https://i.ytimg.com/vi/pLnMkC79i4U/default.jpg', 'https://i.ytimg.com/vi/pLnMkC79i4U/sddefault.jpg', 'pLnMkC79i4U', 3),
(31, '2019-10-24 09:39:18', 'Python n°12 : Classe et liste d\'objets', 'Initiation à la programmation objet sous Python.\r\nDécouverte de la création d\'une classe et de la gestion d\'une liste d\'objets de cette classe. Le programme permet de saisir des noms de personnages puis de gérer des attaques entre les personnages, avec la gestion de la vie de chaque personnage.', 'https://i.ytimg.com/vi/KHsEAuZdS5w/default.jpg', 'https://i.ytimg.com/vi/KHsEAuZdS5w/sddefault.jpg', 'KHsEAuZdS5w', 3),
(32, '2019-10-22 10:50:49', 'Python n°11 : dictionnaire et IDE PyCharm', 'Découverte du dictionnaire avec un exercice qui mémorise des villes et la population pour chaque ville.\r\nUtilisation d\'un nouvel éditeur, un IDE professionnel adapté à Python, PyCharm, récupérable ici :\r\nhttps://www.jetbrains.com/pycharm/', 'https://i.ytimg.com/vi/P1iFvYY82i0/default.jpg', 'https://i.ytimg.com/vi/P1iFvYY82i0/sddefault.jpg', 'P1iFvYY82i0', 2),
(33, '2019-10-18 09:21:15', 'Python n°10 : gestion des exceptions et utilisation de l\'aide', 'Le programme permet de calculer l\'année de naissance par rapport à un âge en évitant les erreurs de saisie. \r\nC\'est l\'occasion de voir comment accéder à l\'aide des imports et aussi à gérer les exceptions (avec try).', 'https://i.ytimg.com/vi/hYyFDoFHRWY/default.jpg', 'https://i.ytimg.com/vi/hYyFDoFHRWY/sddefault.jpg', 'hYyFDoFHRWY', 2),
(34, '2019-10-16 09:32:03', 'Python n°9 : Listes', 'Recherche des 50 premiers nombres premiers avec optimisation de la recherche en mémorisant les nombres premiers dans une liste afin de n\'utiliser que les nombres premiers comme diviseurs.', 'https://i.ytimg.com/vi/1WtVyo6av7s/default.jpg', 'https://i.ytimg.com/vi/1WtVyo6av7s/sddefault.jpg', '1WtVyo6av7s', 1),
(35, '2019-10-15 10:49:14', 'Python n°8 : Fonctions et bibliothèques', 'A travers un exercice d\'opération binaire, découverte de la création des fonctions et des bibliothèques.\r\n\r\nERRATUM : 7:57 de dit qu\'on doit convertir le résultat en base 10, alors qu\'en réalité, on doit convertir en binaire (ce que je fais juste après).', 'https://i.ytimg.com/vi/Hnz3d313f7M/default.jpg', 'https://i.ytimg.com/vi/Hnz3d313f7M/sddefault.jpg', 'Hnz3d313f7M', 2),
(36, '2019-10-14 09:43:53', 'Python n°7 : Conversion binaire et menu', 'Le programme permet de convertir un nombre binaire en entier et vice versa. Affichage d\'un menu pour permettre plusieurs conversions.\r\nCet exemple est aussi l\'occasion de découvrir rapidement un nouvel éditeur plus adapté pour Python et installé par défaut : IDLE.', 'https://i.ytimg.com/vi/_OdRF06GuwU/default.jpg', 'https://i.ytimg.com/vi/_OdRF06GuwU/sddefault.jpg', '_OdRF06GuwU', 3),
(37, '2019-10-08 09:57:46', 'Python n°6 : Nombre premier, test et booléen', 'Ecrire un programme qui permet de vérifier si un nombre est premier ou non. Réutilisation des notions déjà abordées (choix des boucles, math), et de nouvelles notions (test, booléen).', 'https://i.ytimg.com/vi/NiFBLZqy8PU/default.jpg', 'https://i.ytimg.com/vi/NiFBLZqy8PU/sddefault.jpg', 'NiFBLZqy8PU', 1),
(38, '2019-10-07 08:36:43', 'Python n°5 : Produit de valeurs', 'Reprise de l\'exercice précédent (somme des puissances de 2) mais cette fois, en le transformant en produit. Le but est juste de montrer l\'erreur classique d\'initialisation d\'une variable pour réaliser un produit.', 'https://i.ytimg.com/vi/qytbwk4zAtk/default.jpg', 'https://i.ytimg.com/vi/qytbwk4zAtk/sddefault.jpg', 'qytbwk4zAtk', 3),
(39, '2019-10-06 09:56:03', 'Python n°4 : bibliothèque math', 'Calcul de la somme des n premières puissances de 2. Utilisation de la bibliothèque math pour obtenir la puissance d\'une valeur.', 'https://i.ytimg.com/vi/2U63_NtOP-M/default.jpg', 'https://i.ytimg.com/vi/2U63_NtOP-M/sddefault.jpg', '2U63_NtOP-M', 2),
(40, '2019-10-04 08:40:38', 'Python n°3 : Somme entre 2 bornes', 'Calculer la somme entre 2 bornes. L\'exercice permet de reprendre les notions précédentes en réfléchissant sur la boucle la plus adaptée.', 'https://i.ytimg.com/vi/GsCWIUFE8CE/default.jpg', 'https://i.ytimg.com/vi/GsCWIUFE8CE/sddefault.jpg', 'GsCWIUFE8CE', 1),
(41, '2019-10-03 08:20:13', 'Python n°2 : boucle for', 'Reprise de l\'exercice 1 en ajoutant le test de saisie et en utilisant la boucle \"for\" pour l\'affichage. Cela permet de voir la différence entre la boucle déterministe (for) et la boucle indéterministe (while).', 'https://i.ytimg.com/vi/elrR4GUpKEo/default.jpg', 'https://i.ytimg.com/vi/elrR4GUpKEo/sddefault.jpg', 'elrR4GUpKEo', 3),
(42, '2019-10-02 09:08:25', 'Python n°1 : boucle simple, saisie, affichage', 'Découverte des commentaires, de la saisie, de l\'affichage et de la boucle universelle (while) à travers un exemple qui permet d\'afficher une table de multiplication.', 'https://i.ytimg.com/vi/4BFWagDB5aE/default.jpg', 'https://i.ytimg.com/vi/4BFWagDB5aE/sddefault.jpg', '4BFWagDB5aE', 1),
(43, '2019-09-30 14:42:31', 'Python n°0 : installation de Python', 'Cette vidéo permet juste de montrer comment installer Python et faire un premier test de programme.\r\nLes vidéos qui vont suivre porteront sur la découverte de Python à travers des exercices progressifs.', 'https://i.ytimg.com/vi/ilx0fJ72Re4/default.jpg', 'https://i.ytimg.com/vi/ilx0fJ72Re4/sddefault.jpg', 'ilx0fJ72Re4', 1),
(44, '2019-09-29 12:41:13', 'Android Studio (complément n°13) : Permissions', 'Permettre de gérer les permissions directement dans l\'application. \r\nOn repart ici de l\'application de l\'envoi de sms (complément 4) pour ajouter la permission.\r\n\r\nPrérequis : avoir installé et configuré Android Studio (https://youtu.be/M6pi6jXpRrs).\r\n\r\nLien vers la vidéo \"Android complément 4 : envoi sms\" :\r\nhttps://youtu.be/UNBTFdbKymU\r\n\r\nRemarque :\r\n11:22 mon explication n\'est pas du tout claire. Ce numéro peut ensuite être utilisé pour distinguer les différentes permissions dans le cas où il y en a plusieurs. Ici ce n\'est pas utile, mais ça peut l\'être si on voulait gérer les informations retournées par la gestion de la permission (pour savoir quelle permission retourne une information).', 'https://i.ytimg.com/vi/mkI2yKiTS-4/default.jpg', 'https://i.ytimg.com/vi/mkI2yKiTS-4/sddefault.jpg', 'mkI2yKiTS-4', 3),
(45, '2019-09-17 13:00:47', 'Android Studio (complément n°12) : Positionner texte sur photo', 'A partir d\'une application Android, positionner un texte sur une image et l\'enregistrer dans l\'image.\r\nMême si cette vidéo est indépendante, elle suit la logique de la vidéo \"Android Studio (complément n°9) : Ajout texte sur photo\". Dans cette vidéo précédente, l\'ajout se faisait avec une position fixe : https://youtu.be/kanbIK-Jf3A\r\n\r\nPrérequis : avoir installé et configuré Android Studio (https://youtu.be/M6pi6jXpRrs).\r\n\r\nLien vers les vidéos qui permettent de gérer les photos :\r\n\"Android Studio (complément n°5) : Récupérer les photos du mobile\" : https://youtu.be/M9JUdmx5OW4\r\n\"Android Studio (complément n°6) : Redimensionner des photos\" : https://youtu.be/ChqpJJKcaZU\r\n\"Android Studio (complément n°7) : Prendre une photo\" : https://youtu.be/8890GpBwn9w\r\n\"Android Studio (complément n°8) : Enregistrer une photo\" : https://youtu.be/YCnHHrR1luA\r\n\"Android Studio (complément n°9) : Ajout texte sur photo\" : https://youtu.be/kanbIK-Jf3A\r\n\"Android Studio (complément n°11) : Transformer une image en texte\" : https://youtu.be/7Xm8GROWpX0', 'https://i.ytimg.com/vi/3IyrvQJCxVo/default.jpg', 'https://i.ytimg.com/vi/3IyrvQJCxVo/sddefault.jpg', '3IyrvQJCxVo', 2),
(46, '2019-05-22 15:19:52', 'Sujet E5 SLAM 2019 : cas RESTILOC mission4 (calcul et comparatif)', 'Correction commentée de la mission 4 du sujet SLAM RESTILOC tombé en métropole en mai 2019 (partie SI7 : calcul et comparatif).\r\nERRATUM :\r\nAu temps 19:22, j\'ai écrit un très moche \"majorativement \" ua lieu de \"majoritairement\". Désolée !', 'https://i.ytimg.com/vi/mBeZLsIwzkQ/default.jpg', 'https://i.ytimg.com/vi/mBeZLsIwzkQ/sddefault.jpg', 'mBeZLsIwzkQ', 1),
(47, '2019-05-22 10:24:55', 'Sujet E5 SLAM 2019 : cas RESTILOC mission3 (SQL et Android)', 'Correction commentée de la mission 3 du sujet SLAM RESTILOC tombé en métropole en mai 2019 (partie SQL et programmation mobile).', 'https://i.ytimg.com/vi/VCFkJRfVyYo/default.jpg', 'https://i.ytimg.com/vi/VCFkJRfVyYo/sddefault.jpg', 'VCFkJRfVyYo', 3),
(48, '2019-05-21 10:12:09', 'Sujet E5 SLAM 2019 : cas RESTILOC mission2 (programmation objet)', 'Correction commentée de la mission 2 du sujet SLAM RESTILOC tombé en métropole en mai 2019 (partie SLAM2 : programmation objet).', 'https://i.ytimg.com/vi/pc6A6E7Lm0I/default.jpg', 'https://i.ytimg.com/vi/pc6A6E7Lm0I/sddefault.jpg', 'pc6A6E7Lm0I', 3),
(49, '2019-05-21 08:43:59', 'Sujet E5 SLAM 2019 : cas RESTILOC mission1 (conception de données)', 'Correction commentée de la mission 1 du sujet SLAM RESTILOC tombé en métropole en mai 2019 (partie SLAM3 : conception de données).', 'https://i.ytimg.com/vi/sDXBL5Ohdok/default.jpg', 'https://i.ytimg.com/vi/sDXBL5Ohdok/sddefault.jpg', 'sDXBL5Ohdok', 2),
(50, '2019-05-07 11:08:47', 'Sujet E5 SLAM 2018 : cas LOCALUX mission3 (SI7)', 'Correction commentée de la mission 3 du sujet SLAM LOCALUX tombé à Noumea en novembre 2018 (partie SI7 : comparatifs et calculs).', 'https://i.ytimg.com/vi/X9_fMYdzDog/default.jpg', 'https://i.ytimg.com/vi/X9_fMYdzDog/sddefault.jpg', 'X9_fMYdzDog', 1),
(51, '2019-05-06 11:25:28', 'Sujet E5 SLAM 2018 : cas LOCALUX mission2 (objet)', 'Correction commentée de la mission 2 du sujet SLAM LOCALUX tombé à Noumea en novembre 2018 (partie SLAM2 : objet et diagramme de classes).\r\nERRATUM : à 13:03 et 15:40, je parle de soustraction et j\'ai par erreur écrit le signe \"=\" au lieu du signe \"-\".', 'https://i.ytimg.com/vi/ihegtV45yTg/default.jpg', 'https://i.ytimg.com/vi/ihegtV45yTg/sddefault.jpg', 'ihegtV45yTg', 1),
(52, '2019-05-05 15:09:48', 'Sujet E5 SLAM 2018 : cas LOCALUX mission1 (SQL et conception)', 'Correction commentée de la mission 1 du sujet SLAM LOCALUX tombé à Noumea en novembre 2018 (partie SLAM3 : SQL et conception).', 'https://i.ytimg.com/vi/gRxIv2O3xVQ/default.jpg', 'https://i.ytimg.com/vi/gRxIv2O3xVQ/sddefault.jpg', 'gRxIv2O3xVQ', 3),
(53, '2019-05-03 10:33:15', 'Sujet E5 SLAM 2018 : cas WEBCAISSE mission4 (SI7)', 'Correction commentée de la mission 4 du sujet SLAM 2018 WEBCAISSE tombé en métropole en juin 2018 (partie SI7 : seuil de rentabilité, point mort, comparatif).\r\nOUBLI: \r\nà 11:40, j\'ai oublié de répondre à la 2e partie de la question 4.2 qui demande de commenter le résultat obtenu. Je l\'ai rapidement fait à l\'oral quelques instants plus tôt, mais il fallait répondre :\r\n\"Le seuil de rentabilité est atteint le 336e jour de l\'année sur 360 ce qui est tard, le projet est donc peu rentable\".', 'https://i.ytimg.com/vi/UdW4xP0aHsI/default.jpg', 'https://i.ytimg.com/vi/UdW4xP0aHsI/sddefault.jpg', 'UdW4xP0aHsI', 3),
(54, '2019-05-02 10:23:13', 'Sujet E5 SLAM 2018 : cas WEBCAISSE mission3 (objet)', 'Correction commentée de la mission 3 du sujet SLAM 2018 WEBCAISSE tombé en métropole en juin 2018 (partie objet)', 'https://i.ytimg.com/vi/NtkfDd8OdZs/default.jpg', 'https://i.ytimg.com/vi/NtkfDd8OdZs/sddefault.jpg', 'NtkfDd8OdZs', 1),
(55, '2019-05-01 13:54:48', 'Sujet E5 SLAM 2018 : cas WEBCAISSE mission2 (sql et tests unitaires)', 'Correction commentée de la mission 2 du sujet SLAM 2018 WEBCAISSE tombé en métropole en juin 2018 (partie SQL et tests unitaires)', 'https://i.ytimg.com/vi/Mgmim27uOHA/default.jpg', 'https://i.ytimg.com/vi/Mgmim27uOHA/sddefault.jpg', 'Mgmim27uOHA', 1),
(56, '2019-04-30 14:46:33', 'Sujet E5 SLAM 2018 : cas WEBCAISSE mission1 (conception)', 'Correction commentée de la mission 1 du sujet SLAM 2018 WEBCAISSE tombé en métropole en juin 2018 (partie conception)', 'https://i.ytimg.com/vi/4WnrIKhVYig/default.jpg', 'https://i.ytimg.com/vi/4WnrIKhVYig/sddefault.jpg', '4WnrIKhVYig', 1),
(57, '2019-03-14 11:36:46', 'MCD exercice 18 : sujet 2006 (cas Credauto)', 'Sujet officiel de l\'ancien BTS Informatique (mais la logique de conception est la même et représente un bon entrainement pour l\'examen).\r\nPrérequis : avoir suivi le cours \"Modèle relationnel et MCD\"\r\nhttps://youtu.be/VFHVNA8xgK0', 'https://i.ytimg.com/vi/EH2vqOPQTkI/default.jpg', 'https://i.ytimg.com/vi/EH2vqOPQTkI/sddefault.jpg', 'EH2vqOPQTkI', 1),
(58, '2019-03-08 12:19:02', 'MCD exercice 17 : sujet 2007 (cas Synapsinfo)', 'Sujet officiel de l\'ancien BTS Informatique (mais la logique de conception est la même et représente un bon entrainement pour l\'examen).\r\nPrérequis : avoir suivi le cours \"Modèle relationnel et MCD\"\r\nhttps://youtu.be/VFHVNA8xgK0', 'https://i.ytimg.com/vi/TWryppItdCo/default.jpg', 'https://i.ytimg.com/vi/TWryppItdCo/sddefault.jpg', 'TWryppItdCo', 3),
(59, '2019-02-28 10:45:35', 'MCD exercice 16 : sujet 2008 (cas CAPDC)', 'Remarque : j\'ai oublié d\'enlever la contrainte XT sur l\'un des héritages. Il n\'y a pas de contrainte à mettre puisqu\'il n\'y a qu\'une entité fille.\r\n\r\nSujet officiel de l\'ancien BTS Informatique (mais la logique de conception est la même et représente un bon entrainement pour l\'examen).\r\nPrérequis : avoir suivi le cours \"Modèle relationnel et MCD\"\r\nhttps://youtu.be/VFHVNA8xgK0', 'https://i.ytimg.com/vi/9wws2L6bx4E/default.jpg', 'https://i.ytimg.com/vi/9wws2L6bx4E/sddefault.jpg', '9wws2L6bx4E', 2),
(60, '2019-02-24 17:42:16', 'MCD exercice 15 : sujet 2009 (cas Ergosum)', 'Sujet officiel de l\'ancien BTS Informatique (mais la logique de conception est la même et représente un bon entrainement pour l\'examen).\r\nPrérequis : avoir suivi le cours \"Modèle relationnel et MCD\"\r\nhttps://youtu.be/VFHVNA8xgK0', 'https://i.ytimg.com/vi/a8s6Mrm6qls/default.jpg', 'https://i.ytimg.com/vi/a8s6Mrm6qls/sddefault.jpg', 'a8s6Mrm6qls', 1),
(61, '2019-02-21 09:54:48', 'MCD exercice 14 : sujet 2009 (cas SEG)', 'Sujet officiel de l\'ancien BTS Informatique (mais la logique de conception est la même et représente un bon entrainement pour l\'examen).\r\nPrérequis : avoir suivi le cours \"Modèle relationnel et MCD\"\r\nhttps://youtu.be/VFHVNA8xgK0', 'https://i.ytimg.com/vi/ZDCDeLRh6N8/default.jpg', 'https://i.ytimg.com/vi/ZDCDeLRh6N8/sddefault.jpg', 'ZDCDeLRh6N8', 3),
(62, '2019-02-17 13:32:49', 'MCD exercice 13 : sujet 2010 (cas Noixcoop)', 'Sujet officiel de l\'ancien BTS Informatique (mais la logique de conception est la même et représente un bon entrainement pour l\'examen).\r\nPrérequis : avoir suivi le cours \"Modèle relationnel et MCD\"\r\nhttps://youtu.be/VFHVNA8xgK0', 'https://i.ytimg.com/vi/IFo3phNo9ak/default.jpg', 'https://i.ytimg.com/vi/IFo3phNo9ak/sddefault.jpg', 'IFo3phNo9ak', 3),
(63, '2019-02-14 09:59:40', 'MCD exercice 12 : sujet 2008 (cas Thali)', 'Sujet officiel de l\'ancien BTS Informatique (mais la logique de conception est la même et représente un bon entrainement pour l\'examen).\r\nPrérequis : avoir suivi le cours \"Modèle relationnel et MCD\"\r\nhttps://youtu.be/VFHVNA8xgK0', 'https://i.ytimg.com/vi/nLEJY37gAw0/default.jpg', 'https://i.ytimg.com/vi/nLEJY37gAw0/sddefault.jpg', 'nLEJY37gAw0', 1),
(64, '2019-02-07 10:32:26', 'MCD exercice 11 : sujet 2000 (cas Triathlète)', 'Sujet officiel de l\'ancien BTS Informatique (mais la logique de conception est la même et représente un bon entrainement pour l\'examen).\r\nPrérequis : avoir suivi le cours \"Modèle relationnel et MCD\"\r\nhttps://youtu.be/VFHVNA8xgK0', 'https://i.ytimg.com/vi/62UfQRSUMpk/default.jpg', 'https://i.ytimg.com/vi/62UfQRSUMpk/sddefault.jpg', '62UfQRSUMpk', 1),
(65, '2019-01-31 11:07:52', 'MCD exercice 10 : sujet 2005 (cas Ment)', 'Sujet officiel de l\'ancien BTS Informatique (mais la logique de conception est la même et représente un bon entrainement pour l\'examen).\r\nPrérequis : avoir suivi le cours \"Modèle relationnel et MCD\"\r\nhttps://youtu.be/VFHVNA8xgK0', 'https://i.ytimg.com/vi/Bzml58Oe8PQ/default.jpg', 'https://i.ytimg.com/vi/Bzml58Oe8PQ/sddefault.jpg', 'Bzml58Oe8PQ', 3),
(66, '2019-01-25 15:34:44', 'MCD exercice 9 : Double DF, lien relatif, association porteuse', 'Exercice plus long, avec annexes et présentant plusieurs difficultés : savoir repérer ce qu\'il faut modéliser (beaucoup d\'informations inutiles) et savoir traiter les informations dans le bon ordre.\r\nPrérequis : avoir suivi le cours \"Modèle relationnel et MCD\"\r\nhttps://youtu.be/VFHVNA8xgK0', 'https://i.ytimg.com/vi/7iw08ykcOzw/default.jpg', 'https://i.ytimg.com/vi/7iw08ykcOzw/sddefault.jpg', '7iw08ykcOzw', 3),
(67, '2019-01-23 15:12:18', 'MCD exercice 8 : association ternaire', 'Exercice présentant 2 difficultés : repérage des informations à modéliser et association ternaire.\r\nPrérequis : avoir suivi le cours \"Modèle relationnel et MCD\"\r\nhttps://youtu.be/VFHVNA8xgK0', 'https://i.ytimg.com/vi/Y0Sp50n9OIg/default.jpg', 'https://i.ytimg.com/vi/Y0Sp50n9OIg/sddefault.jpg', 'Y0Sp50n9OIg', 2),
(68, '2019-01-21 08:58:54', 'MCD exercice 7 : associations porteuses', 'Exercice un peu plus long, reprenant la notion de lien relatif, et présentant des associations porteuses.\r\nPrérequis : avoir suivi le cours \"Modèle relationnel et MCD\"\r\nhttps://youtu.be/VFHVNA8xgK0', 'https://i.ytimg.com/vi/-vjZQpG16EY/default.jpg', 'https://i.ytimg.com/vi/-vjZQpG16EY/sddefault.jpg', '-vjZQpG16EY', 1),
(69, '2019-01-17 09:33:25', 'MCD exercice 6 : héritage', 'Comprendre l\'héritage.\r\nPrérequis : avoir suivi le cours \"Modèle relationnel et MCD\"\r\nhttps://youtu.be/VFHVNA8xgK0', 'https://i.ytimg.com/vi/dnZGdW4SBxw/default.jpg', 'https://i.ytimg.com/vi/dnZGdW4SBxw/sddefault.jpg', 'dnZGdW4SBxw', 1),
(70, '2019-01-15 09:55:06', 'MCD exercice 5 : double DF entre entités et association réflexive', 'Comprendre la double DF entre entités et l\'association réflexive.\r\nPrérequis : avoir suivi le cours \"Modèle relationnel et MCD\"\r\nhttps://youtu.be/VFHVNA8xgK0', 'https://i.ytimg.com/vi/_Bs93E0hhJc/default.jpg', 'https://i.ytimg.com/vi/_Bs93E0hhJc/sddefault.jpg', '_Bs93E0hhJc', 1),
(71, '2019-01-13 14:03:51', 'MCD exercice 4 : lien relatif', 'Comprendre la notion de lien relatif.\r\nPrérequis : avoir suivi le cours \"Modèle relationnel et MCD\"\r\nhttps://youtu.be/VFHVNA8xgK0', 'https://i.ytimg.com/vi/a0ReDXuQNLs/default.jpg', 'https://i.ytimg.com/vi/a0ReDXuQNLs/sddefault.jpg', 'a0ReDXuQNLs', 2),
(72, '2019-01-11 15:50:28', 'MCD exercice 3 : MCD simple entités/DF/Association', 'Construire un MCD simple à partir d\'un sujet. Le MCD ne contient que des entités, DF entre entités et association binaire simple.\r\nPrérequis : avoir suivi le cours \"Modèle relationnel et MCD\"\r\nhttps://youtu.be/VFHVNA8xgK0', 'https://i.ytimg.com/vi/QjUI5bc_DgI/default.jpg', 'https://i.ytimg.com/vi/QjUI5bc_DgI/sddefault.jpg', 'QjUI5bc_DgI', 3),
(73, '2019-01-09 10:12:51', 'MCD exercice 2 : MCD à partir de relations avec héritage', 'Construire un MCD à partir de relations avec héritage.\r\nPrérequis : avoir suivi le cours \"Modèle relationnel et MCD\"\r\nhttps://youtu.be/VFHVNA8xgK0', 'https://i.ytimg.com/vi/P5c3GOiFsr8/default.jpg', 'https://i.ytimg.com/vi/P5c3GOiFsr8/sddefault.jpg', 'P5c3GOiFsr8', 3),
(74, '2019-01-07 15:43:05', 'MCD exercice 1 : MCD à partir de relations', 'Construire un MCD à partir de relations.\r\nPrérequis : avoir suivi le cours \"Modèle relationnel et MCD\"\r\nhttps://youtu.be/VFHVNA8xgK0', 'https://i.ytimg.com/vi/zhNNkDf9SrE/default.jpg', 'https://i.ytimg.com/vi/zhNNkDf9SrE/sddefault.jpg', 'zhNNkDf9SrE', 3),
(75, '2018-12-18 15:20:19', 'Android Studio (complément n°11) : Transformer une image en texte', 'Cette vidéo montre comment transformer une image en texte et vice-versa. Ceci est utile si vous voulez envoyer une image, via le réseau, sur un serveur distant (par exemple pour l\'enregistrer sur un serveur et l\'indicer dans une BDD). De même, vous pouvez récupérer une image du serveur (après transformation sous forme de texte) et la retransformer en image pour l\'afficher sur le mobile.\r\n\r\nCode de l\'application :\r\nhttp://bit.ly/EmdsAndroidComplement11', 'https://i.ytimg.com/vi/7Xm8GROWpX0/default.jpg', 'https://i.ytimg.com/vi/7Xm8GROWpX0/sddefault.jpg', '7Xm8GROWpX0', 1),
(76, '2018-11-18 15:05:47', 'Cours Merise/2 extensions', 'Liens rapides plus bas, pour accéder aux différentes parties du cours.\r\n\r\n(Cette vidéo vient en remplacement des anciennes vidéos créées au début de la vie de la chaîne et dont le son était de très mauvaise qualité)\r\n\r\nPrésentation des extensions de Merise au niveau du MCD.\r\n\r\nPrérequis : avoir suivi le cours \"Modèle relationnel et MCD\" :\r\nhttps://youtu.be/VFHVNA8xgK0\r\n\r\nDétail du cours et liens : \r\nExtensions : 0:39\r\nSous-type : 3:00\r\nLien relatif : 5:02\r\nAgrégation : 7:25\r\nContraintes : 10:42\r\nContrainte d\'exclusion : 18:21\r\nContrainte sur association et pivot : 20:23\r\nContrainte de partition : 26:55\r\nContrainte de totalité : 30:53\r\nContrainte de simultanéité : 33:27\r\nContrainte d\'inclusion : 34:46\r\nInclusion à portée multiples : 36:30\r\nContrainte d\'unicité : 39:49\r\nExercices : 42:03\r\n\r\nLien vers le pdf du cours :\r\nhttp://bit.ly/EmdsMerise2\r\n\r\nExercices de mise en pratique (modélisations dans les sujets d\'EDC) :\r\nhttps://www.youtube.com/playlist?list=PLRR7wjtXb1cAivDuEUEw24iuwTTVXfN7j\r\n\r\nCours triggers (pour programmer les contraintes dans la base de données) :\r\nhttps://www.youtube.com/playlist?list=PLRR7wjtXb1cAwWrZwg04QsTVY_PRERfgu', 'https://i.ytimg.com/vi/smTFM4GCEgc/default.jpg', 'https://i.ytimg.com/vi/smTFM4GCEgc/sddefault.jpg', 'smTFM4GCEgc', 1),
(77, '2018-11-13 13:23:15', 'Cours Programmation Objet', 'Liens rapides plus bas, pour accéder aux différentes parties du cours.\r\n\r\n(Cette vidéo vient en remplacement des anciennes vidéos créées au début de la vie de la chaîne et dont le son était de mauvaise qualité)\r\n\r\nPrésentation des notions fondamentales de la programmation objet (correspond au cours SLAM2 du BTS SIO).\r\n\r\nDétail du cours et liens :\r\nintroduction, classe / objet : 0:42 \r\nencapsulation : 17:23\r\nsetter / getter : 23:09\r\nconstructeur / destructeur : 31:35\r\nstatique : 43:31\r\npropriété objet : 46:00\r\nréférence d\'un objet: 50:18\r\nhéritage : 54:37\r\nsurcharge : 1:09:46\r\npolymorphisme : 1:11:28\r\nthis / super : 1:17:25\r\ncatégories de classes et classes particulières (métiers, techniques, génériques, collections)  : 1:21:08\r\nabstraite (classe, méthode) : 1:29:03\r\nfinale (classe, méthode, propriété) : 1:34:06\r\ninterface (classe) : 1:35:18\r\norigine d\'un objet : 1:43:05\r\ntranstypage / casting : 1:45:05\r\npackage / MVC : 1:48:34\r\npersistance : 1:52:44\r\nquoi d\'autre ? conclusion et liens vers les mises en pratique : 1:55:55\r\n\r\nLien vers le pdf du cours :\r\nhttp://bit.ly/EmdsObjet\r\n\r\nPensez aussi à mettre en pratique :\r\nPOO TP Java (tp d\'application directe du cours) : https://www.youtube.com/playlist?list=PLRR7wjtXb1cC-4OLKMYJcnaRDhzM6GxcX\r\nExercices objet (issus des sujets EDC du BTS SIO) : https://www.youtube.com/playlist?list=PLRR7wjtXb1cB3PAYJZqQKDJICsSRmSdr8\r\nTP Android (programmation mobile en java) : https://www.youtube.com/playlist?list=PLRR7wjtXb1cB-jibndUw-qv79O2KQkG6U', 'https://i.ytimg.com/vi/fKPK2VhsA4o/default.jpg', 'https://i.ytimg.com/vi/fKPK2VhsA4o/sddefault.jpg', 'fKPK2VhsA4o', 3),
(78, '2018-11-02 15:01:43', 'Cours Modèle Relationnel et MCD', 'Liens rapides plus bas, pour accéder aux différentes parties du cours.\r\n\r\n(Cette vidéo vient en remplacement des anciennes vidéos créées au début de la vie de la chaîne et dont le son était de très mauvaise qualité)\r\n\r\nPrésentation des règles du Modèle Relationnel pour créer une base de données optimisée. Présentation du MCD de la méthode Merise pour faciliter la création de la base de données en respectant les règles du Modèle Relationnel.\r\n\r\nDétail du cours et liens :\r\nintroduction : 0:38\r\nbase de données relationnelle : 2:13\r\nexemple de MCD : 4:47\r\nModèle Relationnel (MLD) : \r\n- dépendance fonctionnelle (DF) : 13:10\r\n- relation, clés et formes normales : 23:19\r\nModèle Conceptuel de Données (MCD) :\r\n- introduction, entité, association : 32:05\r\n- DF entre entités (CIF) : 35:17\r\n- cardinalités : 36:58\r\n- associations vides : 38:23\r\n- CIF sur association : 39:23\r\n- intégrité fonctionnelle : 41:16\r\n- exercice : 42:49\r\n- historiques et numérotations ancienne version : 44:44\r\n- liens identifiants (liens relatifs) : 47:44\r\n- exercice : 51:39\r\n- double CIF : 55:17\r\n- CIF + association : 56:56\r\n- association réflexive : 58:25\r\n- exercice : 59:50\r\n- héritage : 1:02:15\r\n\r\nLien vers le pdf du cours :\r\nhttp://bit.ly/EmdsMCD\r\n\r\n\r\nExercices de mise en pratique :\r\nhttps://www.youtube.com/playlist?list=PLRR7wjtXb1cAivDuEUEw24iuwTTVXfN7j\r\n\r\nCours Merise/2 extensions :\r\nhttps://youtu.be/smTFM4GCEgc', 'https://i.ytimg.com/vi/VFHVNA8xgK0/default.jpg', 'https://i.ytimg.com/vi/VFHVNA8xgK0/sddefault.jpg', 'VFHVNA8xgK0', 2),
(79, '2018-10-18 09:35:03', 'Android Studio (complément n°10) : Ajout icone dans menu', 'A partir d\'une application Android, ajouter des icônes utilisables par exemple dans les menus drawer.', 'https://i.ytimg.com/vi/VDGScSfKP_4/default.jpg', 'https://i.ytimg.com/vi/VDGScSfKP_4/sddefault.jpg', 'VDGScSfKP_4', 2),
(80, '2018-10-10 15:15:01', 'Android Studio (complément n°9) : Ajout texte sur photo', 'A partir d\'une application Android, ajouter du texte sur une photo (en choisissant la taille, la couleur, la position). Une nouvelle image est créée.\r\nPrérequis : avoir installé et configuré Android Studio (https://youtu.be/M6pi6jXpRrs).', 'https://i.ytimg.com/vi/kanbIK-Jf3A/default.jpg', 'https://i.ytimg.com/vi/kanbIK-Jf3A/sddefault.jpg', 'kanbIK-Jf3A', 1),
(81, '2018-10-04 10:10:33', 'Android Studio (complément n°8) : Enregistrer une photo', 'A partir d\'une application Android, enregistrer une photo dans la galerie..\r\nPrérequis : avoir fait l\'application \"Android Studio (complément n°7) : Prendre une photo\" car l\'application actuelle part de cette application :\r\nhttps://youtu.be/8890GpBwn9w', 'https://i.ytimg.com/vi/YCnHHrR1luA/default.jpg', 'https://i.ytimg.com/vi/YCnHHrR1luA/sddefault.jpg', 'YCnHHrR1luA', 3),
(82, '2018-09-16 08:32:56', 'Android Studio (complément n°7) : Prendre une photo', 'A partir d\'une application Android, accéder à l\'appareil photo pour prendre une photo, et l\'enregistrer dans un fichier temporaire pour l\'afficher dans l\'application.\r\nPrérequis : avoir installé  et configuré Android Studio (https://youtu.be/M6pi6jXpRrs).', 'https://i.ytimg.com/vi/8890GpBwn9w/default.jpg', 'https://i.ytimg.com/vi/8890GpBwn9w/sddefault.jpg', '8890GpBwn9w', 3),
(83, '2018-09-12 13:06:10', 'Android Studio (complément n°6) : Redimensionner des photos', 'A partir d\'une application Android, redimensionner une photo proportionnellement à la taille de la zone d\'affichage, découper une photo (par exemple pour qu\'elle soit carrée).\r\nPrérequis : avoir une application qui manipule des photos ou avoir suivi la vidéo \"Android Studio complément n°5\" : \r\nhttps://youtu.be/M9JUdmx5OW4', 'https://i.ytimg.com/vi/ChqpJJKcaZU/default.jpg', 'https://i.ytimg.com/vi/ChqpJJKcaZU/sddefault.jpg', 'ChqpJJKcaZU', 2);
INSERT INTO formation (id, published_at, title, description, miniature, picture, video_id, niveau_id) VALUES
(84, '2018-09-10 12:28:41', 'Android Studio (complément n°5) : Récupérer les photos du mobile', 'A partir d\'une application Android, accéder aux photos enregistrées dans le mobile et les afficher.\r\nPrérequis : avoir installé et configuré Android Studio (sinon, visionner la vidéo du TP1 Android : https://youtu.be/M6pi6jXpRrs).', 'https://i.ytimg.com/vi/M9JUdmx5OW4/default.jpg', 'https://i.ytimg.com/vi/M9JUdmx5OW4/sddefault.jpg', 'M9JUdmx5OW4', 1),
(85, '2018-08-17 07:09:21', 'Android Studio (complément n°4) : Envoyer un SMS', 'Coder l\'envoi d\'un SMS vers n\'importe quel smartphone, à partir d\'une application Android.\r\nPrérequis : avoir installé et configuré Android Studio (sinon, visionner la vidéo du TP1 Android : https://youtu.be/M6pi6jXpRrs).\r\n(petite erreur : le numéro de mobile fictif saisi à la fin est un peu trop long... ceci dit, ça ne change rien aux explications)', 'https://i.ytimg.com/vi/UNBTFdbKymU/default.jpg', 'https://i.ytimg.com/vi/UNBTFdbKymU/sddefault.jpg', 'UNBTFdbKymU', 3),
(86, '2018-08-06 08:29:36', 'Android Studio (complément n°3) : Activity dépendante', 'Apprendre à créer des activity dépendantes (revenir à l\'activity parent par la flèche du haut).\r\nPrérequis : avoir installé et configuré Android Studio.', 'https://i.ytimg.com/vi/2n3bGqiaWMs/default.jpg', 'https://i.ytimg.com/vi/2n3bGqiaWMs/sddefault.jpg', '2n3bGqiaWMs', 3),
(87, '2018-08-01 10:25:04', 'Nouvelle présentation de la chaîne', 'Présentation de l\'organisation en playlists et en sections pour mieux vous y retrouver.\r\nLa chaîne permet d\'apprendre à programmer, du niveau débutant au niveau BTS SIO.\r\n\r\nRemarque : les 3 cours dont le son étaient de mauvaise qualité ont été refaits (contrairement à ce que je dis dans la vidéo :\r\n- cours Modèle relationnel et MCD : https://youtu.be/VFHVNA8xgK0\r\n- cours Merise/2 : https://youtu.be/smTFM4GCEgc\r\n- cours Objet : https://youtu.be/fKPK2VhsA4o', 'https://i.ytimg.com/vi/limfbUe7F3Q/default.jpg', 'https://i.ytimg.com/vi/limfbUe7F3Q/sddefault.jpg', 'limfbUe7F3Q', 2),
(88, '2018-07-26 18:58:33', 'Android Studio (complément n°2) : Récupérer les contacts du mobile', 'Apprendre à récupérer les contacts présents dans le mobile.\r\nPrérequis : avoir installé et configuré Android Studio (voir 1e vidéo du TP Android : https://youtu.be/M6pi6jXpRrs)', 'https://i.ytimg.com/vi/4lT0pnyzkSA/default.jpg', 'https://i.ytimg.com/vi/4lT0pnyzkSA/sddefault.jpg', '4lT0pnyzkSA', 1),
(89, '2018-07-09 19:43:41', 'Android Studio (complément n°1) : Navigation Drawer et Fragment', 'Apprendre à créer une navigation type drawer (menu qui apparaît à gauche) et y intégrer des fragments (pour l\'affichage des différentes pages). Apprendre à insérer une Activity existante dans un fragment.\r\nPrérequis : avoir installé et configuré Android Studio (voir 1e vidéo du TP Android : https://youtu.be/M6pi6jXpRrs)', 'https://i.ytimg.com/vi/rUnuYTjaBoU/default.jpg', 'https://i.ytimg.com/vi/rUnuYTjaBoU/sddefault.jpg', 'rUnuYTjaBoU', 3),
(90, '2018-05-13 20:30:17', 'Sujet E5 SLAM 2017 : cas DANE mission4 (et quelques annonces)', 'Correction commentée de la mission 4 du sujet SLAM 2017 DANE tombé à Nouméa en novembre 2017 (partie analyse).\r\nPlusieurs questions de \"bon sens\" puis un schéma assez classique.', 'https://i.ytimg.com/vi/gmZYXP3hPts/default.jpg', 'https://i.ytimg.com/vi/gmZYXP3hPts/sddefault.jpg', 'gmZYXP3hPts', 3),
(91, '2018-05-11 16:15:50', 'Sujet E5 SLAM 2017 : cas DANE mission3', 'Correction commentée de la mission 3 du sujet SLAM 2017 DANE tombé à Nouméa en novembre 2017 (partie objet).\r\n1e question très simple.\r\n2e question nettement plus complexe car il fallait bien comprendre le fonctionnement des classes et l\'utilisation des dictionnaires.\r\n3e question (une erreur à trouver), dont le résultat est très simple mais pas forcément évident à trouver.', 'https://i.ytimg.com/vi/cZ1WR3f39xY/default.jpg', 'https://i.ytimg.com/vi/cZ1WR3f39xY/sddefault.jpg', 'cZ1WR3f39xY', 2),
(92, '2018-05-11 08:37:20', 'Sujet E5 SLAM 2017 : cas DANE mission2', 'Correction commentée de la mission 2 du sujet SLAM 2017 DANE tombé à Nouméa en novembre 2017 (partie web : PHP, Javascript, MySQL...).\r\nUn dossier déstabilisant car donnant l\'impression qu\'il faut certaines connaissances techniques (jquery, json...) alors que ce n\'est pas du tout le cas. Les réponses au final sont très simples. Vous allez voir comment aborder ce genre de mission.', 'https://i.ytimg.com/vi/OOaMlhFca6o/default.jpg', 'https://i.ytimg.com/vi/OOaMlhFca6o/sddefault.jpg', 'OOaMlhFca6o', 2),
(93, '2018-05-10 09:54:38', 'Sujet E5 SLAM 2017 : cas DANE mission1', 'Correction commentée de la mission 1 du sujet SLAM 2017 DANE tombé à Nouméa en novembre 2017 (partie SQL)', 'https://i.ytimg.com/vi/4mRyckm5kyI/default.jpg', 'https://i.ytimg.com/vi/4mRyckm5kyI/sddefault.jpg', '4mRyckm5kyI', 2),
(94, '2018-05-06 15:38:32', 'Sujet E5 SLAM 2017 : cas AHM-23 mission4', 'Correction commentée de la mission 4 du sujet SLAM 2017 AHM-23 tombé en métropole en juin 2017 (programmation objet)', 'https://i.ytimg.com/vi/GfmxfueZcAI/default.jpg', 'https://i.ytimg.com/vi/GfmxfueZcAI/sddefault.jpg', 'GfmxfueZcAI', 2),
(95, '2018-05-04 09:58:11', 'Sujet E5 SLAM 2017 : cas AHM-23 mission3', 'Correction commentée de la mission 3 du sujet SLAM 2017 AHM-23 tombé en métropole en juin 2017 (programmation mobile)', 'https://i.ytimg.com/vi/mZ1lNDBCiWw/default.jpg', 'https://i.ytimg.com/vi/mZ1lNDBCiWw/sddefault.jpg', 'mZ1lNDBCiWw', 3),
(96, '2018-05-03 09:08:31', 'Sujet E5 SLAM 2017 : cas AHM-23 mission2', 'Correction commentée de la mission 2 du sujet SLAM 2017 AHM-23 tombé en métropole en juin 2017 (partie SQL et conception de données)', 'https://i.ytimg.com/vi/vkRTECTijZo/default.jpg', 'https://i.ytimg.com/vi/vkRTECTijZo/sddefault.jpg', 'vkRTECTijZo', 3),
(97, '2018-05-02 15:24:34', 'Sujet E5 SLAM 2017 : cas AHM-23 mission1', 'Correction commentée de la mission 1 du sujet SLAM 2017 AHM-23 tombé en métropole en juin 2017.', 'https://i.ytimg.com/vi/5cGFejz7gYQ/default.jpg', 'https://i.ytimg.com/vi/5cGFejz7gYQ/sddefault.jpg', '5cGFejz7gYQ', 1),
(98, '2018-02-14 14:19:16', 'TP Android n°18 : liste adapter interactive (4)', 'Prérequis : avoir des connaissance en programmation objet (et avoir vu les vidéos précédentes de la construction de l\'application Android)\r\nBut : Quatrième étape : événement sur le reste de la ligne dans la liste, pour ouvrir une autre Activity pour afficher le profil.', 'https://i.ytimg.com/vi/HWL3yy3ZtNE/default.jpg', 'https://i.ytimg.com/vi/HWL3yy3ZtNE/sddefault.jpg', 'HWL3yy3ZtNE', 3),
(99, '2018-02-13 16:39:13', 'TP Android n°17 : liste adapter interactive (3)', 'Prérequis : avoir des connaissance en programmation objet, PHP et MySQL (et avoir vu les vidéos précédentes de la construction de l\'application Android)\r\nBut : Troisième étape : tri d\'une liste, chargement à temps des profils du serveur et gestion de l\'événement sur la croix de la liste (pour supprimer un profil en local et dans la base distante)\r\n\r\nERRATUM : pour une raison obscure, je dis \"parser\" au lieu de \"caster\" ou \"transtyper\"... (évidemment, c\'est faux)', 'https://i.ytimg.com/vi/oojJR_x04vI/default.jpg', 'https://i.ytimg.com/vi/oojJR_x04vI/sddefault.jpg', 'oojJR_x04vI', 3),
(100, '2018-02-12 16:13:31', 'TP Android n°16 : liste adapter interactive (2)', 'Prérequis : avoir des connaissance en programmation objet (et avoir vu les vidéos précédentes de la construction de l\'application Android)\r\nBut : Deuxième étape, Création et affichage de la liste adapter.', 'https://i.ytimg.com/vi/rpaZQhxbbKE/default.jpg', 'https://i.ytimg.com/vi/rpaZQhxbbKE/sddefault.jpg', 'rpaZQhxbbKE', 3),
(101, '2018-02-11 14:06:13', 'TP Android n°15 : liste adapter interactive (1)', 'Prérequis : avoir des connaissance en programmation objet, php et MySQL (et avoir vu les vidéos précédentes de la construction de l\'application Android)\r\nBut : Première étape, récupération de tous les profils de la base MySQL dans l\'application Android.', 'https://i.ytimg.com/vi/QOmfFuAgnFY/default.jpg', 'https://i.ytimg.com/vi/QOmfFuAgnFY/sddefault.jpg', 'QOmfFuAgnFY', 2),
(102, '2018-02-07 17:27:35', 'TP Android n°14 : plusieurs interfaces', 'Prérequis : avoir des connaissance en programmation objet (et avoir vu les vidéos précédentes de la construction de l\'application Android)\r\nBut : montrer comment créer plusieurs interfaces et comment passer d\'une interface à une autre.', 'https://i.ytimg.com/vi/0LedL1ufiAs/default.jpg', 'https://i.ytimg.com/vi/0LedL1ufiAs/sddefault.jpg', '0LedL1ufiAs', 1),
(103, '2018-02-06 10:02:10', 'TP Android n°13 : formatage de la date', 'Prérequis : avoir des connaissance en programmation objet (et avoir vu les vidéos précédentes de la construction de l\'application Android)\r\nBut : montrer comment transformer une chaîne en date et vice versa.', 'https://i.ytimg.com/vi/NwvHF4BcMck/default.jpg', 'https://i.ytimg.com/vi/NwvHF4BcMck/sddefault.jpg', 'NwvHF4BcMck', 2),
(104, '2018-02-04 17:52:40', 'TP Android n°12 : base de données distante MySQL (4)', 'Prérequis : avoir des connaissance en programmation objet (et avoir vu les vidéos précédentes de la construction de l\'application Android)\r\nBut : sous Android Studio, récupération du dernier profil distant dans le thread et affichage des informations dans l\'interface.', 'https://i.ytimg.com/vi/uNP706aKIRs/default.jpg', 'https://i.ytimg.com/vi/uNP706aKIRs/sddefault.jpg', 'uNP706aKIRs', 3),
(105, '2018-02-02 13:08:02', 'TP Android n°11 : base de données distante MySQL (3)', 'Prérequis : avoir des connaissance en programmation objet, en PHP et MySQL (et avoir vu les vidéos précédentes de la construction de l\'application Android)\r\nBut : sous Android Studio, création la classe AccesDistant qui est en lien avec AccesHTTP pour communiquer avec le serveur distant. Contrôle, dans la console, que la communication marche. Contrôle, dans MySQL, que le profil s\'enregistre.\r\n\r\nERRATUM : 30:10 je dis qu\'il envoie vers le serveur la requête. Ce n\'est pas la requête qui est envoyée mais juste les valeurs du profil. La requête est construite dans la page PHP.', 'https://i.ytimg.com/vi/8Kyq69u9iqU/default.jpg', 'https://i.ytimg.com/vi/8Kyq69u9iqU/sddefault.jpg', '8Kyq69u9iqU', 1),
(106, '2018-02-01 11:45:21', 'TP Android n°10 : base de données distante MySQL (2)', 'IMPORTANT n°1 : nouvelle classe AccesHTTP à télécharger (voir plus bas) \r\n\r\nIMPORTANT n°2 : si vous n\'arrivez pas à accéder à la base de données :\r\nIl existe maintenant 2 formats de BDD : MySQL et MariaDB, tous les 2 accessibles au même endroit et fonctionnant de façon similaire, mais sur des ports différents.\r\nDans le fichier fonctions.php que vous avez créé, je vous conseille de modifier la variable de connexion par :\r\n$conn = new PDO(\"mysql:host=$serveur;dbname=$bd;port=3308\", $login, $mdp);\r\nEn fait, si vous avez créer la base sous MariaDB (actuellement par défaut) le port est celui par défaut : 3306. Si vous avez sélectionné MySQL, normalement le nouveau port est 3308. Ca vaut d\'ailleurs le coup aussi de tester les 2...\r\n\r\n\r\n\r\n Prérequis : avoir des connaissance en programation objet (et avoir vu les vidéos précédentes de la construction de l\'application Android)\r\nBut : sous Android Studio, faire les bons paramétrages et créer les classes outils nécessaires pour l\'accès au serveur distant via Internet et le protocole HTTP.*\r\nERRATUM : à 22:09 je dis par erreur que onPostExecute est appelé par le execute de la classe mère. C\'est doInBackground qui est appelé par execute de la classe mère. onPostExecute est une méthode événementielle appelée lorsque le serveur renvoie une réponse.\r\n\r\nIMPORTANT :\r\nDans la classe AccesHTTP, j\'utilise des classes qui sont obsolètes et qui peuvent maintenant poser problème. Je ferai une vidéo pour montrer le principe d\'une nouvelle classe AccesHTTP, mais en attendant, je vous donne son code que vous pouvez récupérer ici : \r\nhttp://bit.ly/EmdsNewAccesHTTP\r\nPensez à changer le nom du package (1e ligne).\r\nLa logique est proche de la classe montrée dans la vidéo et normalement vous n\'avez rien à changer dans le reste du programme excepté que vous n\'avez plus besoin de mettre la ligne \'useLibrary \"org.apache.http.legacy\" \' dans build.gradle, comme montré en tout début de vidéo.', 'https://i.ytimg.com/vi/n5AeP-fqT30/default.jpg', 'https://i.ytimg.com/vi/n5AeP-fqT30/sddefault.jpg', 'n5AeP-fqT30', 3),
(107, '2018-01-31 13:54:30', 'TP Android n°9 : base de données distante MySQL (1)', 'Prérequis : de préférence des connaissances de base en PHP et MySQL\r\n\r\nBut : installer WAMP (ou LAMP ou MAMP suivant votre système) pour tester en local, créer une base de données MySQL (en utilisant phpMyAdmin), créer 2 pages php (une pour se connecter à la base de données, une autre pour gérer les demandes de l\'application Android qui voudra enregistrer un profil et récupérer le dernier profil enregistré).\r\nERRATUM : tout à la fin, je parle de \"vidéo précédente\", il est bien sûr question de \"vidéo suivante\".', 'https://i.ytimg.com/vi/PKd8CEXXyLk/default.jpg', 'https://i.ytimg.com/vi/PKd8CEXXyLk/sddefault.jpg', 'PKd8CEXXyLk', 3),
(108, '2018-01-28 14:05:27', 'TP Android n°8 : base de  données locale SQLite', 'Prérequis : connaissances en Java, en programmation objet, en SQL et avoir vu les vidéos précédentes de cette série\r\nBut : Découvrir le fonctionnement d\'une base de données au format SQLite. Créer les classes d\'accès. Manipuler un curseur. Enregistrer les profils et les récupérer. Utiiser un browser externe pour consulter la base de données.', 'https://i.ytimg.com/vi/vRaR3yLnHig/default.jpg', 'https://i.ytimg.com/vi/vRaR3yLnHig/sddefault.jpg', 'vRaR3yLnHig', 2),
(109, '2018-01-25 17:15:30', 'TP Android n°7 : persistance par sérialisation', 'Prérequis : connaissances en Java et programmation objet (voir le cours objet et le TP Java) et avoir vu les vidéos précédentes de cette série\r\nBut : enregistrer le profil par sérialisation dans un fichier binaire afin de le récupérer lors de l\'exécution suivante de l\'application. La classe de sérialisation vous est donnée et peut être réutilisée dans n\'importe quelle application Java.', 'https://i.ytimg.com/vi/pLGSguzM9jU/default.jpg', 'https://i.ytimg.com/vi/pLGSguzM9jU/sddefault.jpg', 'pLGSguzM9jU', 2),
(110, '2018-01-23 14:20:19', 'TP Android n°6 : code de la vue', 'Prérequis : connaissances en Java et programmation objet (voir le cours objet et le TP Java) et avoir vu les vidéos précédentes de cette série\r\nBut : coder la classe de la partie Vue du MVC (fin de la première étape : l\'application fonctionne)', 'https://i.ytimg.com/vi/8lO4wYm6Jos/default.jpg', 'https://i.ytimg.com/vi/8lO4wYm6Jos/sddefault.jpg', '8lO4wYm6Jos', 1),
(111, '2018-01-21 12:47:45', 'TP Android n°5 : code du controleur et JavaDoc', 'Remarque : pour éviter les problèmes d\'encodage (d\'accents) au niveau de la génération de la documentation technique en HTML, dans la fenêtre de la création de la doc, ligne \"Other command line arguments\", ajoutez le code suivant :\r\n-encoding utf8 -docencoding utf8 -charset utf8\r\n(au moment 16:25 de la vidéo)\r\n\r\nPrérequis : connaissances en Java et programmation objet (voir le cours objet et le TP Java) et avoir vu les vidéos précédentes de cette série\r\nBut : coder la classe de la partie Controleur du MVC et création de la documentation technique (la JavaDoc)', 'https://i.ytimg.com/vi/32Ljj4epj8k/default.jpg', 'https://i.ytimg.com/vi/32Ljj4epj8k/sddefault.jpg', '32Ljj4epj8k', 3),
(112, '2018-01-18 13:53:44', 'TP Android n°4 : code du modele et tests unitaires', 'Prérequis : connaissances en Java et programmation objet (sinon voir le cours objet et le TP POO Java)\r\nBut : coder la classe de la partie Modele du MVC et création de tests unitaires', 'https://i.ytimg.com/vi/-3PEXYo7gKM/default.jpg', 'https://i.ytimg.com/vi/-3PEXYo7gKM/sddefault.jpg', '-3PEXYo7gKM', 2),
(113, '2018-01-16 19:32:08', 'TP Android n°3 : construction de l\'interface', 'Prérequis : aucune (mais pour la suite, il faut avoir des connaissances en Java et programmation objet)\r\nBut : montrer le but de l\'application et construire la 1e interface (notions de Layout, de widgets et de positionnement relatif)', 'https://i.ytimg.com/vi/nd0hZafw1sM/default.jpg', 'https://i.ytimg.com/vi/nd0hZafw1sM/sddefault.jpg', 'nd0hZafw1sM', 2),
(114, '2018-01-14 14:56:17', 'TP Android n°2 : création d\'une application', 'IMPORTANT : surtout choisissez bien le langage Java pour l\'application (et non Kotlin, proposé maintenant par défaut).\r\nLes étapes de création ont évolués mais la logique globale reste la même.\r\n\r\nPrérequis : aucune (mais pour la suite, il faut avoir des connaissances en Java et programmation objet)\r\nBut : créer une nouvelle application, comprendre la structure d\'une application Android, configurer l\'AVD Manager pour tester l\'application', 'https://i.ytimg.com/vi/xzLxUu2xO7s/default.jpg', 'https://i.ytimg.com/vi/xzLxUu2xO7s/sddefault.jpg', 'xzLxUu2xO7s', 1),
(115, '2018-01-12 11:11:19', 'TP Android n°1 : installation et configuration d\'Android Studio', 'IMPORTANT : Android Studio évolue très vite. Il est possible qu\'au cours du TP, vous rencontriez des différences avec ce que je montre. N\'hésitez pas à poser des questions dans les commentaires, en cas de blocage. \r\n\r\n\r\n\r\nPrérequis : aucune (mais pour la suite, il faut avoir des connaissances en Java et programmation objet)\r\nBut : installer et configurer l\'IDE Android Studio qui va permettre de développer sous Android\r\nLangage : Java pour Android\r\nTemps complet du TP : 8h12mn\r\n\r\n\r\nSommaire de cette vidéo :\r\nIntroduction\r\nInstallation de JDK : 2:52\r\nTéléchargement et installation Android Studio : 3:24\r\nPremier démarrage : 5:17\r\nConfiguration SDK : 5:55', 'https://i.ytimg.com/vi/M6pi6jXpRrs/default.jpg', 'https://i.ytimg.com/vi/M6pi6jXpRrs/sddefault.jpg', 'M6pi6jXpRrs', 1),
(116, '2017-11-30 10:58:28', 'POO TP Java n°6 : polymorphisme', 'Prérequis : avoir vu les 5 vidéos précédentes (et avoir des connaissances en programmation objet)\r\nBut : gérer la liste (ajout, suppression) et utiliser le polymorphisme\r\nLangage : Java sous Eclipse Neon', 'https://i.ytimg.com/vi/tnp0dEUYORA/default.jpg', 'https://i.ytimg.com/vi/tnp0dEUYORA/sddefault.jpg', 'tnp0dEUYORA', 1),
(117, '2017-11-29 10:09:11', 'POO TP Java n°5 : événements et contrôleur', 'Prérequis : avoir vu les 4 vidéos précédentes (et avoir des connaissances en programmation objet)\r\nBut : ajouter les événements et compléter le contrôleur qui gère tout\r\nLangage : Java sous Eclipse Neon', 'https://i.ytimg.com/vi/8at4NpebW6c/default.jpg', 'https://i.ytimg.com/vi/8at4NpebW6c/sddefault.jpg', '8at4NpebW6c', 1),
(118, '2017-11-27 10:16:24', 'POO TP Java n°4 : démarrage sur le contrôleur, contruction du modèle', 'Remarque : A la fin de la vidéo, la classe Rond n\'a pas de constructeur alors qu\'il y en a bien un dans la classe Carre. C\'est un oubli qui est réparé dans la vidéo suivante, à la minute 13.\r\n\r\nPrérequis : avoir vu les 3 vidéos précédentes (et avoir des connaissances en programmation objet)\r\nBut : montrer comment faire démarrer l\'application sur le contrôleur, et construction du modèle avec une classe interface pour le polymorphisme\r\nLangage : Java sous Eclipse Neon', 'https://i.ytimg.com/vi/Ul4INk7LWS4/default.jpg', 'https://i.ytimg.com/vi/Ul4INk7LWS4/sddefault.jpg', 'Ul4INk7LWS4', 1),
(119, '2017-11-26 14:36:56', 'POO TP Java n°3 : interface graphique', 'Prérequis : avoir vu les 2 vidéos précédentes\r\nBut : montrer comment créer une interface graphique avec WindowBuilder\r\nLangage : Java sous Eclipse Neon', 'https://i.ytimg.com/vi/MN7hxuCLrW0/default.jpg', 'https://i.ytimg.com/vi/MN7hxuCLrW0/sddefault.jpg', 'MN7hxuCLrW0', 3),
(120, '2017-11-24 13:06:37', 'POO TP Java n°2 : MVC', 'POO TP Java n°2 : MVC\r\nPrérequis : de préférence avoir vu la vidéo précédente TP Java n°1\r\nBut : présenter le but de l\'application et la structure MVC\r\nLangage : Java sous Eclipse Neon', 'https://i.ytimg.com/vi/hblV686hGV0/default.jpg', 'https://i.ytimg.com/vi/hblV686hGV0/sddefault.jpg', 'hblV686hGV0', 2),
(121, '2017-11-23 13:13:58', 'POO TP Java n°1 : configuration d\'Eclipse', 'Prérequis : aucune connaissance pour l\'installation et la configuration d\'Eclipse, mais ensuite il faudra avoir des connaissances en programmation objet car le tp est la mise en pratique des connaissances abordées dans la playlist du cours de programmation objet\r\nBut : télécharger, installer et configurer l\'IDE Eclipse Neon (avec le module WindowBuilder)\r\nLangage : Java sous Eclipse Neon\r\nlien de récupération de WindowBuilder (à insérer dans la configuration, comme expliqué dans la vidéo) :\r\nhttp://download.eclipse.org/windowbuilder/WB/integration/4.6/', 'https://i.ytimg.com/vi/mwTvM_hKlDI/default.jpg', 'https://i.ytimg.com/vi/mwTvM_hKlDI/sddefault.jpg', 'mwTvM_hKlDI', 3),
(122, '2017-11-19 13:39:49', 'Bases de la programmation n°74 - POO : collections', 'Prérequis : avoir vu la vidéo n°73 (le programme de cette vidéo est repris et modifié)\r\nBut : comprendre le fonctionnement des collections, en remplacement des tableaux classiques\r\nLangage : C# sous Visual Studio version entreprise 2017', 'https://i.ytimg.com/vi/JuVShBG2bf0/default.jpg', 'https://i.ytimg.com/vi/JuVShBG2bf0/sddefault.jpg', 'JuVShBG2bf0', 1),
(123, '2017-11-16 16:03:20', 'Bases de la programmation n°73 - POO : polymorphisme et abstraction', 'Prérequis : connaître les notions de classe/objet, de constructeur, d\'encapsulation et d\'héritage (vidéos n°68 à 72)\r\nBut : comprendre le polymorphisme (statique et dynamique) et la notion d\'abstraction (classe abstraite, méthode abstraite)\r\nLangage : C# sous Visual Studio version entreprise 2017', 'https://i.ytimg.com/vi/oCGvk4DUM8I/default.jpg', 'https://i.ytimg.com/vi/oCGvk4DUM8I/sddefault.jpg', 'oCGvk4DUM8I', 1),
(124, '2017-11-15 10:22:16', 'Bases de la programmation n°72 - POO : héritage', 'Prérequis : connaître les notions de classe/objet, de constructeur et d\'encapsulation (vidéos n°68 à 70)\r\nBut : présentation de la notion d\'héritage\r\nLangage : C# sous Visual Studio version entreprise 2017', 'https://i.ytimg.com/vi/FgqWq8lrfBI/default.jpg', 'https://i.ytimg.com/vi/FgqWq8lrfBI/sddefault.jpg', 'FgqWq8lrfBI', 1),
(125, '2017-11-14 09:17:09', 'Bases de la programmation n°71 - POO : petit qcm', 'Prérequis : connaître les notions de classe/objet, de constructeur et d\'encapsulation (vidéos n°68 à 70)\r\nBut : petit QCM de contrôle de connaissances sur les premières notions de POO vues dans les 3 vidéos précédentes (sans mise en pratique)\r\nLangage : C# sous Visual Studio version entreprise 2017', 'https://i.ytimg.com/vi/dnw6_GOe7us/default.jpg', 'https://i.ytimg.com/vi/dnw6_GOe7us/sddefault.jpg', 'dnw6_GOe7us', 3),
(126, '2017-11-13 10:34:06', 'Bases de la programmation n°70 - POO : encapsulation', 'Prérequis : connaître les notions de classe/objet et de constructeur (vidéos n°68 et 69)\r\nBut : comprendre l\'encapsulation (privé/public, getter/setter)\r\nLangage : C# sous Visual Studio version entreprise 2017\r\n\r\nERRATUM :\r\n6:35 : je dis par erreur que vous n\'avez pas besoin de connaître le contenu des méthodes. C\'est vrai si la classe était en include et pas directement dans le code. Donc pour créer l\'application, vous avez besoin du contenu des méthodes qui sont présentées de 7:09 à 10:15.', 'https://i.ytimg.com/vi/Pcipxfq3IVw/default.jpg', '', 'Pcipxfq3IVw', 3),
(127, '2017-11-10 14:32:44', 'Bases de la programmation n°69 - POO : vie d\'un objet (constructeur)', 'Prérequis : avoir les bases de programmation procédurale et événementielle et savoir ce qu\'es un objet et une classe (vu dans la vidéo précédente \"Bases de la programmation n°68\")\r\nBut : comprendre la vie d\'un objet (déclaration, création (instanciation), utilisation\r\nLangage : C# sous Visual Studio version entreprise 2017', 'https://i.ytimg.com/vi/rTbctFr3zc8/default.jpg', 'https://i.ytimg.com/vi/rTbctFr3zc8/sddefault.jpg', 'rTbctFr3zc8', 1),
(128, '2017-11-09 16:35:23', 'Bases de la programmation n°68 - POO : classe/objet', 'Prérequis : avoir les bases de programmation procédurale et événementielle\r\nBut : initiation à la notion de classe et d\'objet\r\nLangage : C# sous Visual Studio version entreprise 2017', 'https://i.ytimg.com/vi/3_1TJBsJm-k/default.jpg', 'https://i.ytimg.com/vi/3_1TJBsJm-k/sddefault.jpg', '3_1TJBsJm-k', 3),
(129, '2017-11-08 09:55:54', 'Bases de la programmation n°67 - événementiel : tables de multiplications', 'Prérequis : savoir créer un projet événementiel (\"Bases de la programmation n°60\")\r\nBut : créer une application graphique qui permet de proposer une série de tests pour contrôler les connaissances en tables de multiplications (création de nombres aléatoires, gestion des couleurs, optimisation du code)\r\nLangage : C# sous Visual Studio version entreprise 2017\r\n\r\nREMARQUE : ce serait bien d\'apporter une petite optimisation en créant une procédure non événementielle pour remplir la zone de note, vu qu\'on le fait à 2 endroits du programme.', 'https://i.ytimg.com/vi/X-BX2TX1YC8/default.jpg', 'https://i.ytimg.com/vi/X-BX2TX1YC8/sddefault.jpg', 'X-BX2TX1YC8', 2),
(130, '2017-11-07 09:09:37', 'Bases de la programmation n°66 - événementiel : conversion de monnaies', 'Prérequis : savoir créer un projet événementiel (\"Bases de la programmation n°60\") et connaître les tableaux de structures\r\nBut : créer une application graphique qui permet de réaliser des conversions de monnaies (à partir de monnaies stockées dans un tableau de structure)\r\nLangage : C# sous Visual Studio version entreprise 2017', 'https://i.ytimg.com/vi/ogqgPiBJ_a4/default.jpg', '', 'ogqgPiBJ_a4', 2),
(131, '2017-11-05 13:18:00', 'Bases de la programmation n°65 - événementiel : manipulation de listes', 'Prérequis : avoir vu au moins les vidéos \"Bases de la programmation n°60 et 63\"  ou savoir créer un projet événementiel\r\nBut : créer une application graphique qui permet de gérer des listes (copie des items d\'une liste à l\'autre)\r\nLangage : C# sous Visual Studio version entreprise 2017\r\n\r\nERRATUM : \r\n1:46 je dis par erreur que les listbox n\'ont pas encore été vues (elles ont été vue dans \"Base de la programmation n°63\")\r\n10:05 dans choix ce n\'est pas la sélection du dossier qu\'on récupère mais la sélection du choix (ok ou annuler)', 'https://i.ytimg.com/vi/jtIFePeDFmc/default.jpg', 'https://i.ytimg.com/vi/jtIFePeDFmc/sddefault.jpg', 'jtIFePeDFmc', 3),
(132, '2017-11-03 12:27:42', 'Bases de la programmation n°64 - événementiel : poids idéal', 'Prérequis : avoir vu la vidéos \"Bases de la programmation n°60\" ou savoir créer un petit projet événementiel\r\nBut : créer une application graphique qui permet de calculer le poids idéal suivant la formule de CREFF (utilisaton de nouveaux objets graphiques : DateTimePicker et RadioButton)\r\nLangage : C# sous Visual Studio version entreprise 2017', 'https://i.ytimg.com/vi/tAUkirXVbk4/default.jpg', 'https://i.ytimg.com/vi/tAUkirXVbk4/sddefault.jpg', 'tAUkirXVbk4', 3),
(133, '2017-11-02 11:33:19', 'Bases de la programmation n°63 - événementiel : galerie de photos', 'Prérequis : avoir vu les vidéos \"Bases de la programmation n°60 et 61\" ou savoir créer un petit projet événementiel (avec modules non événementiels)\r\nBut : créer une application graphique qui permet de sélectionner un dossier sur le disque et d\'afficher les images qu\'il contient (avec possibilité de faire pivoter une photo)\r\nLangage : C# sous Visual Studio version entreprise 2017', 'https://i.ytimg.com/vi/ZZOcCU-Q6V8/default.jpg', 'https://i.ytimg.com/vi/ZZOcCU-Q6V8/sddefault.jpg', 'ZZOcCU-Q6V8', 3),
(134, '2017-11-01 15:42:37', 'Bases de la programmation n°62 - événementiel : conversions', 'Prérequis : avoir vu les vidéos \"Bases de la programmation n°60 et 61\" ou savoir créer un petit projet événementiel (avec modules non événementiels)\r\nBut : créer une application graphique qui permet de convertir en base 2 (avec conversion à la volée, sans valider ni cliquer sur un bouton)\r\nLangage : C# sous Visual Studio version entreprise 2017', 'https://i.ytimg.com/vi/SUDWQ9z0GAc/default.jpg', '', 'SUDWQ9z0GAc', 1),
(135, '2017-10-31 15:12:03', 'Bases de la programmation n°61 - événementiel : nombre caché', 'Prérequis : avoir vu la vidéo \"Bases de la programmation n°60\" ou savoir créer un petit projet événementiel\r\nBut : créer une application graphique avec des propriétés (variables globales à la classe) et des modules non événementiels\r\nLangage : C# sous Visual Studio version entreprise 2017', 'https://i.ytimg.com/vi/MCNNpJWPTGk/default.jpg', '', 'MCNNpJWPTGk', 1),
(136, '2017-10-30 16:17:47', 'Bases de la programmation n°60 - événementiel : premier exemple graphique', 'Prérequis : connaître les bases de la programmation procédurale (variables simples, tableaux, conditions, itérations, modules paramétrés)\r\nBut : découverte de la programmation dans un environnement graphique\r\nLangage : C# sous Visual Studio version entreprise 2017\r\n\r\nERRATUM : à 7:31 je parle par erreur de la propriété Pow de la classe Math alors que c\'est une méthode et non une propriété. On pourrait prendre comme exemple PI de la classe Math.', 'https://i.ytimg.com/vi/R71Vj5PSOK8/default.jpg', '', 'R71Vj5PSOK8', 1),
(137, '2017-10-28 12:51:03', 'Bases de la programmation n°59 - modules : exercice 55 (notation polonaise)', 'Prérequis : savoir manipuler les modules paramétrés\r\nBut : exercice de réflexion sur le calcul en notation polonaise\r\nLangage : C# sous Visual Studio version entreprise 2017\r\n\r\nERRATUM : dans le sujet, je parle de conversion en int, et dans la vidéo, je convertis en float. Le principe est similaire mais effectivement le résultat d\'une opération peut donner un float.', 'https://i.ytimg.com/vi/htV8q12Hn58/default.jpg', '', 'htV8q12Hn58', 2),
(138, '2017-10-27 09:42:59', 'Bases de la programmation n°58 - modules : exercice 54 (signes du zodiaque)', 'Prérequis : savoir manipuler les modules paramétrés et les tableaux de structures\r\nBut : création d\'un module qui retourne le signe du zodiaque en fonction du jour et du mois\r\nLangage : C# sous Visual Studio version entreprise 2017', 'https://i.ytimg.com/vi/vQJeeD-M5xE/default.jpg', 'https://i.ytimg.com/vi/vQJeeD-M5xE/sddefault.jpg', 'vQJeeD-M5xE', 1),
(139, '2017-10-26 08:49:59', 'Bases de la programmation n°57 - modules : exercice 53 (paramètre vecteur)', 'Prérequis : savoir manipuler les modules et les vecteurs\r\nBut : création d\'un module ayant un vecteur en paramètre et modification du vecteur (les paramètres de types complexes sont toujours transférés par référence)\r\nLangage : C# sous Visual Studio version entreprise 2017\r\n\r\nERRATUM : \r\nà 5:15, je parle de \"passage par paramètre\", en réalité c\'est un \"passage par référence\"\r\nà 18:16, je dis \"il sort de la procédure\" au lieu de \"il sort de la fonction\"', 'https://i.ytimg.com/vi/6WArwj8toQ0/default.jpg', 'https://i.ytimg.com/vi/6WArwj8toQ0/sddefault.jpg', '6WArwj8toQ0', 1),
(140, '2017-10-25 08:38:27', 'Bases de la programmation n°56 - modules : exercice 52 (paramètre vecteur)', 'Prérequis : savoir manipuler les modules et les vecteurs\r\nBut : création d\'un module ayant un vecteur en paramètre\r\nLangage : C# sous Visual Studio version entreprise 2017', 'https://i.ytimg.com/vi/Z_2KgfgHsow/default.jpg', '', 'Z_2KgfgHsow', 2),
(141, '2017-10-25 08:30:33', 'Bases de la programmation n°55 - modules : QCM', 'Prérequis : savoir ce qu\'est un module (procédure ou fonction) et un paramètre\r\nBut : petit QCM pour contrôler les connaissances\r\nLangage : C# sous Visual Studio version entreprise 2017', 'https://i.ytimg.com/vi/pgSobCGHtPw/default.jpg', 'https://i.ytimg.com/vi/pgSobCGHtPw/sddefault.jpg', 'pgSobCGHtPw', 3),
(142, '2017-10-24 09:26:50', 'Bases de la programmation n°54 - modules : procédure ou fonction ?', 'Prérequis : avoir vu la vidéo \"Bases de la programmation n°53\"\r\nBut : savoir choisir entre créer une procédure ou une fonction\r\nLangage : C# sous Visual Studio version entreprise 2017', 'https://i.ytimg.com/vi/C13X9KenLmY/default.jpg', 'https://i.ytimg.com/vi/C13X9KenLmY/sddefault.jpg', 'C13X9KenLmY', 1),
(143, '2017-10-24 09:09:28', 'Bases de la programmation n°53 - modules : procédure ou fonction ?', 'Prérequis : connaître la différence entre une procédure et une fonction\r\nBut : savoir choisir entre créer une procédure ou une fonction\r\nLangage : C# sous Visual Studio version entreprise 2017', 'https://i.ytimg.com/vi/lr4jrRzjrQA/default.jpg', 'https://i.ytimg.com/vi/lr4jrRzjrQA/sddefault.jpg', 'lr4jrRzjrQA', 1),
(144, '2017-10-23 10:29:46', 'Bases de la programmation n°52 - modules : trace avec paramètres par référence', 'Prérequis : avoir vu la vidéo précédente (Bases de la programmation n°51)\r\nBut : trace complexe avec paramètres en référence\r\nLangage : C# sous Visual Studio version entreprise 2017', 'https://i.ytimg.com/vi/bGet3MFefL4/default.jpg', 'https://i.ytimg.com/vi/bGet3MFefL4/sddefault.jpg', 'bGet3MFefL4', 2),
(145, '2017-10-23 10:26:16', 'Bases de la programmation n°51 - modules : trace avec paramètres par référence', 'Prérequis : savoir ce qu\'est une fonction paramétrée (\"bases de la programmation n°43 à 49\")\r\nBut : découverte des différents passages de paramètres (par valeur ou par référence/adresse)\r\nLangage : C# sous Visual Studio version entreprise 2017', 'https://i.ytimg.com/vi/4FYzigwAF3M/default.jpg', '', '4FYzigwAF3M', 2),
(146, '2017-10-23 10:13:40', 'Bases de la programmation n°50 - modules : exercice 46 (fonctions paramétrées)', 'Prérequis : savoir ce qu\'est une fonction paramétrée (\"bases de la programmation n°43 à 49\")\r\nBut : contrôle si 2 nombre sont amis (optimisation avec plusieurs fonctions paramétrées)\r\nLangage : C# sous Visual Studio version entreprise 2017', 'https://i.ytimg.com/vi/JtRZP_-wYEI/default.jpg', 'https://i.ytimg.com/vi/JtRZP_-wYEI/sddefault.jpg', 'JtRZP_-wYEI', 1),
(147, '2017-10-21 15:19:15', 'Bases de la programmation n°49 - modules : exercice 45', 'Prérequis : avoir vu la vidéo \"bases de la programmation n°48\" car la fonction paramétrée va être reprise et \"bases de la programmation n°11\" car il faut reprendre l\'exercice de cette vidéo pour utiliser la nouvelle fonction\r\nBut : réutiliser une fonction paramétrée\r\nLangage : C# sous Visual Studio version entreprise 2017', 'https://i.ytimg.com/vi/DQkIdlu5bFw/default.jpg', 'https://i.ytimg.com/vi/DQkIdlu5bFw/sddefault.jpg', 'DQkIdlu5bFw', 1),
(148, '2017-10-21 15:13:34', 'Bases de la programmation n°48 - modules : exercice 44', 'Prérequis : avoir vu la vidéo \"bases de la programmation n°47\" qui présente une fonction paramétrée et la vidéo \"bases de la programmation n°46\" car c\'est cet exercice qui est repris et amélioré\r\nBut : transformer une fonction non paramétrée en fonction paramétrée\r\nLangage : C# sous Visual Studio version entreprise 2017', 'https://i.ytimg.com/vi/FdLkvKiglk4/default.jpg', 'https://i.ytimg.com/vi/FdLkvKiglk4/sddefault.jpg', 'FdLkvKiglk4', 3),
(149, '2017-10-20 09:07:30', 'Bases de la programmation n°47 - modules : exemple avec paramètres', 'Prérequis : avoir vu la vidéo \"bases de la programmation n°45\" qui présente une fonction simple\r\nBut : ajouter des paramètres à un module\r\nLangage : C# sous Visual Studio version entreprise 2017', 'https://i.ytimg.com/vi/zs4aVyJKDbk/default.jpg', 'https://i.ytimg.com/vi/zs4aVyJKDbk/sddefault.jpg', 'zs4aVyJKDbk', 2),
(150, '2017-10-20 08:34:41', 'Bases de la programmation n°46 - modules : exercice 43 (fonction)', 'Prérequis : avoir vu les vidéos \"bases de la programmation n°44 et n45\"\r\nBut : transformer une procédure en fonction\r\nLangage : C# sous Visual Studio version entreprise 2017\r\n\r\nERRATUM :\r\nDans le Main, en allant un peu vite, j\'ai déclaré par erreur la variable reponse avec les autres variables de type float, alors qu\'elle devrait être déclarée en type char.\r\nLe programme fonctionne tout de même car un type char reçoit en réalité le code ascii du caractère, donc un nombre. Cependant évidemment, c\'est très moche de faire ainsi.\r\nMerci à Kévin Rizzo pour avoir signalé l\'erreur.', 'https://i.ytimg.com/vi/oIYr7zFbeg0/default.jpg', 'https://i.ytimg.com/vi/oIYr7zFbeg0/sddefault.jpg', 'oIYr7zFbeg0', 1),
(151, '2017-10-19 14:46:33', 'Bases de la programmation n°45 - modules : exemple fonction', 'Prérequis : avoir vu la vidéo \"bases de la programmation n°43\" sur les modules\r\nBut : découvrir le principe d\'une fonction (module qui retourne une information)\r\nLangage : C# sous Visual Studio version entreprise 2017', 'https://i.ytimg.com/vi/fEuWc3vSFBc/default.jpg', 'https://i.ytimg.com/vi/fEuWc3vSFBc/sddefault.jpg', 'fEuWc3vSFBc', 2),
(152, '2017-10-19 13:53:44', 'Bases de la programmation n°44 - modules : exercice 42', 'Prérequis : avoir vu la vidéo précédente (bases de la programmation n°43) sur les modules\r\nBut : application directe de la notion vue dans la vidéo précédente (coder un module simple de type procédure sans paramètre)\r\nLangage : C# sous Visual Studio version entreprise 2017', 'https://i.ytimg.com/vi/da2zwV1-eLk/default.jpg', 'https://i.ytimg.com/vi/da2zwV1-eLk/sddefault.jpg', 'da2zwV1-eLk', 2),
(153, '2017-10-18 12:55:48', 'Bases de la programmation n°43 - modules : premier exemple', 'Prérequis : avoir vu et compris la vidéo du premier exemple de programmation procédurale (Bases de la programmation n°1)\r\nBut : montrer l\'intérêt d\'un module\r\nLangage : C# sous Visual Studio version entreprise 2017', 'https://i.ytimg.com/vi/xPXok2jW0Xw/default.jpg', 'https://i.ytimg.com/vi/xPXok2jW0Xw/sddefault.jpg', 'xPXok2jW0Xw', 3),
(154, '2017-10-16 13:44:57', 'Bases de la programmation n°42 - tableaux : exercice41 (exercice avancé)', 'Prérequis : savoir manipuler un tableau de structure\r\nBut : trouver la solution la plus optimisée d\'un problème sur les tableaux\r\nLangage : C# sous Visual Studio version entreprise 2017', 'https://i.ytimg.com/vi/x8rD8tC5aoQ/default.jpg', 'https://i.ytimg.com/vi/x8rD8tC5aoQ/sddefault.jpg', 'x8rD8tC5aoQ', 2),
(155, '2017-10-16 08:58:20', 'Bases de la programmation n°41 - tableaux : exercice40 (exercice avancé)', 'Prérequis : savoir manipuler un vecteur (tableau à 1 dimension)\r\nBut : trouver la solution la plus optimisée d\'un problème sur les tableaux, en jouant sur les indices\r\nLangage : C# sous Visual Studio version entreprise 2017', 'https://i.ytimg.com/vi/6Ev3SC4nUzU/default.jpg', 'https://i.ytimg.com/vi/6Ev3SC4nUzU/sddefault.jpg', '6Ev3SC4nUzU', 2),
(156, '2017-10-15 16:06:32', 'Bases de la programmation n°40 - tableaux : exercice39 (inversion d\'un tableau)', 'Prérequis : savoir manipuler un vecteur (tableau à 1 dimension)\r\nBut : Inversion des cases d\'un tableau sans utiliser un autre tableau (petit exercice de réflexion et piège à éviter...)\r\nLangage : C# sous Visual Studio version entreprise 2017', 'https://i.ytimg.com/vi/9132Kbg99AU/default.jpg', 'https://i.ytimg.com/vi/9132Kbg99AU/sddefault.jpg', '9132Kbg99AU', 1),
(157, '2017-10-15 14:05:33', 'Bases de la programmation n°39 - tableaux : exercice38 (trace d\'un tableau)', 'Prérequis : savoir manipuler un vecteur (tableau à 1 dimension)\r\nBut : bien comprendre le fonctionnement d\'un tableau (au nivea udes indices et contenus de cases)\r\nLangage : C# sous Visual Studio version entreprise 2017', 'https://i.ytimg.com/vi/xmiMaEqkoMg/default.jpg', 'https://i.ytimg.com/vi/xmiMaEqkoMg/sddefault.jpg', 'xmiMaEqkoMg', 3),
(158, '2017-10-14 09:43:47', 'Bases de la programmation n°38 - tableaux : exercice37 (recherche dichotomique)', 'Prérequis : avoir vu la vidéo précédente sur la recherche séquentielle\r\nBut : recherche dichotomique dans un vecteur trié\r\nLangage : C# sous Visual Studio version entreprise 2017', 'https://i.ytimg.com/vi/ob6bo7BI_Uw/default.jpg', 'https://i.ytimg.com/vi/ob6bo7BI_Uw/sddefault.jpg', 'ob6bo7BI_Uw', 1),
(159, '2017-10-14 09:28:30', 'Bases de la programmation n°37 - tableaux : exercice36 (recherche séquentielle)', 'Prérequis : savoir manipuler un vecteur (tableau à 1 dimension)\r\nBut : recherche séquentielle dans un vecteur (trié ou non)\r\nLangage : C# sous Visual Studio version entreprise 2017', 'https://i.ytimg.com/vi/4gxhfP4I5pM/default.jpg', '', '4gxhfP4I5pM', 3),
(160, '2017-10-13 13:02:08', 'Bases de la programmation n°36 - tableaux : exercice35 (tri par bulle)', 'Prérequis : avoir vu les 2 exercices précédents (tri par sélection et insertion)\r\nBut : tri d\'un vecteur (tableau à 1 dimension) avec la méthode de tri par bulle\r\nLangage : C# sous Visual Studio version entreprise 2017', 'https://i.ytimg.com/vi/kUP8kb9t50Q/default.jpg', 'https://i.ytimg.com/vi/kUP8kb9t50Q/sddefault.jpg', 'kUP8kb9t50Q', 3),
(161, '2017-10-12 16:56:35', 'Bases de la programmation n°35 - tableaux : exercice34 (tri par insertion)', 'Prérequis : avoir vu l\'exercice précédent (tri par sélection)\r\nBut : tri d\'un vecteur (tableau à 1 dimension) avec la méthode de tri par insertion\r\nLangage : C# sous Visual Studio version entreprise 2017', 'https://i.ytimg.com/vi/dSN7mtGOeZc/default.jpg', 'https://i.ytimg.com/vi/dSN7mtGOeZc/sddefault.jpg', 'dSN7mtGOeZc', 2),
(162, '2017-10-12 10:56:20', 'Bases de la programmation n°34 - tableaux : exercice33 (tri par sélection)', 'Prérequis : savoir manipuler un vecteur (base de la programmation n°31)\r\nBut : tri d\'un vecteur (tableau à 1 dimension) avec la méthode de tri par sélection\r\nLangage : C# sous Visual Studio version entreprise 2017', 'https://i.ytimg.com/vi/0Z8rYUjFrG4/default.jpg', 'https://i.ytimg.com/vi/0Z8rYUjFrG4/sddefault.jpg', '0Z8rYUjFrG4', 3),
(163, '2017-10-11 09:49:25', 'Bases de la programmation n°33 - tableaux : exercice32 (tableau de structure)', 'Prérequis : savoir manipuler un vecteur (base de la programmation n°31)\r\nBut : manipulation d\'un tableau de structure\r\nLangage : C# sous Visual Studio version entreprise 2017', 'https://i.ytimg.com/vi/H9oJxdw8SN4/default.jpg', 'https://i.ytimg.com/vi/H9oJxdw8SN4/sddefault.jpg', 'H9oJxdw8SN4', 1),
(164, '2017-10-10 09:36:32', 'Bases de la programmation n°32 - tableaux : exercice31 (matrice)', 'Prérequis : avoir suivi l\'exercice précédent (ou avoir compris comment fonctionne un tableau à 1 dimension)\r\nBut : manipulation d\'un tableau à 2 dimensions (calcul d\'un déterminant)\r\nLangage : C# sous Visual Studio version entreprise 2017', 'https://i.ytimg.com/vi/n6mbI-4Vbvg/default.jpg', 'https://i.ytimg.com/vi/n6mbI-4Vbvg/sddefault.jpg', 'n6mbI-4Vbvg', 3),
(165, '2017-10-10 08:55:19', 'Bases de la programmation n°31 - tableaux : exercice29 (manipulation d\'un vecteur)', 'Prérequis : connaître les variables simples et les notions de base de la programmation procédurale (saisie/affichage, affectation/calcul, tests, boucles)\r\nBut : manipulation d\'un tableau à 1 dimension (calcul d\'une moyenne et des températures au dessus de la moyenne)\r\nLangage : C# sous Visual Studio version entreprise 2017', 'https://i.ytimg.com/vi/fgSYas-xIiI/default.jpg', 'https://i.ytimg.com/vi/fgSYas-xIiI/sddefault.jpg', 'fgSYas-xIiI', 1),
(166, '2017-10-09 10:05:10', 'Bases de la programmation n°30 - procédural : debugage', 'Prérequis : avoir vu les vidéos \"Bases de la programmation\" précédentes\r\nBut : utilisation du debugage pour voir l\'évolution des variables\r\nLangage : C# sous Visual Studio version entreprise 2017', 'https://i.ytimg.com/vi/q0vQd-icoCA/default.jpg', 'https://i.ytimg.com/vi/q0vQd-icoCA/sddefault.jpg', 'q0vQd-icoCA', 2),
(167, '2017-10-09 09:35:36', 'Bases de la programmation n°29 - procédural : exercice28 (conversion binaire)', 'Prérequis : avoir vu les vidéos \"Bases de la programmation\" précédentes\r\nBut : exercice de révision (conversion d\'un nombre entier en binaire par divisions successives)\r\nLangage : C# sous Visual Studio version entreprise 2017', 'https://i.ytimg.com/vi/6D2tOQwj0vI/default.jpg', 'https://i.ytimg.com/vi/6D2tOQwj0vI/sddefault.jpg', '6D2tOQwj0vI', 1),
(168, '2017-10-08 16:01:30', 'Bases de la programmation n°28 - procédural : exercice27 (nombre premier)', 'Prérequis : avoir vu les vidéos \"Bases de la programmation\" précédentes\r\nBut : exercice de révision (contrôle si un nombre est premier)\r\nLangage : C# sous Visual Studio version entreprise 2017\r\n\r\n\r\nRemarque importante :\r\nLe programme ne fonctionne pas si 2 est saisi (2 étant le premier nombre premier). Il manque donc un test pour traiter ce cas particulier.', 'https://i.ytimg.com/vi/kAKLBGNPbKE/default.jpg', 'https://i.ytimg.com/vi/kAKLBGNPbKE/sddefault.jpg', 'kAKLBGNPbKE', 2),
(169, '2017-10-08 15:30:55', 'Bases de la programmation n°27 - procédural : exercice26 (conversion secondes)', 'Prérequis : avoir vu les vidéos \"Bases de la programmation\" précédentes\r\nBut : exercice de révision (conversion de secondes en HH:MM:SS)\r\nLangage : C# sous Visual Studio version entreprise 2017', 'https://i.ytimg.com/vi/WCWnS78WRTE/default.jpg', '', 'WCWnS78WRTE', 2),
(170, '2017-10-07 16:08:31', 'Bases de la programmation n°26 - procédural : exercice25 (suite croisante)', 'Prérequis : avoir vu les vidéos \"Bases de la programmation\" précédentes\r\nBut : exercice de révision (nécessité de comparer 2 valeurs successives, par exemple pour démontrer qu\'une suite est croissante)\r\nLangage : C# sous Visual Studio version entreprise 2017', 'https://i.ytimg.com/vi/qhCM3u080ek/default.jpg', 'https://i.ytimg.com/vi/qhCM3u080ek/sddefault.jpg', 'qhCM3u080ek', 1),
(171, '2017-10-07 15:16:22', 'Bases de la programmation n°25 - procédural : exercice24 (recherche de min et max)', 'Prérequis : avoir vu les vidéos \"Bases de la programmation\" précédentes\r\nBut : exercice de révision (recherche de minimum et maximum dans une liste non bornée)\r\nLangage : C# sous Visual Studio version entreprise 2017', 'https://i.ytimg.com/vi/JfDD5bi3mjk/default.jpg', 'https://i.ytimg.com/vi/JfDD5bi3mjk/sddefault.jpg', 'JfDD5bi3mjk', 1),
(172, '2017-10-06 09:52:35', 'Bases de la programmation n°24 - procédural : exercice23 (recherche de min et max)', 'Prérequis : avoir vu les vidéos \"Bases de la programmation\" précédentes\r\nBut : exercice de révision (recherche de minimum et maximum dans une liste bornée)\r\nLangage : C# sous Visual Studio version entreprise 2017', 'https://i.ytimg.com/vi/F6u-yv4WIYc/default.jpg', 'https://i.ytimg.com/vi/F6u-yv4WIYc/sddefault.jpg', 'F6u-yv4WIYc', 3),
(173, '2017-10-06 09:33:30', 'Bases de la programmation n°23 - procédural : exercice22 (for et petite astuce)', 'Prérequis : avoir vu les vidéos \"Bases de la programmation\" précédentes\r\nBut : exercice de révision (boucle for et optimisation de traitement)\r\nLangage : C# sous Visual Studio version entreprise 2017', 'https://i.ytimg.com/vi/16ObvAcBAJg/default.jpg', 'https://i.ytimg.com/vi/16ObvAcBAJg/sddefault.jpg', '16ObvAcBAJg', 1),
(174, '2017-10-05 13:22:53', 'Bases de la programmation n°22 - procédural : exercice21 (if,switch et test de saisie)', 'Prérequis : avoir vu les vidéos \"Bases de la programmation\" précédentes\r\nBut : exercice de révision (alternative et test de saisie)\r\nLangage : C# sous Visual Studio version entreprise 2017', 'https://i.ytimg.com/vi/vrrMgyPRAWU/default.jpg', 'https://i.ytimg.com/vi/vrrMgyPRAWU/sddefault.jpg', 'vrrMgyPRAWU', 1),
(175, '2017-10-05 08:48:02', 'Bases de la programmation n°21 - procédural : exercice20 (saisie affichage)', 'Prérequis : avoir vu les vidéos \"Bases de la programmation\" précédentes\r\nBut : exercice de révision (saisie et affichage)\r\nLangage : C# sous Visual Studio version entreprise 2017', 'https://i.ytimg.com/vi/spqHCVdSTtQ/default.jpg', 'https://i.ytimg.com/vi/spqHCVdSTtQ/sddefault.jpg', 'spqHCVdSTtQ', 1),
(176, '2017-10-04 08:36:05', 'Bases de la programmation n°20 - procédural : exercice19 (optimisation)', 'Prérequis : avoir vu les vidéos \"Bases de la programmation\" précédentes\r\nBut : apprendre à optimiser un code\r\nLangage : C# sous Visual Studio version entreprise 2017', 'https://i.ytimg.com/vi/h_95SLUnV6o/default.jpg', 'https://i.ytimg.com/vi/h_95SLUnV6o/sddefault.jpg', 'h_95SLUnV6o', 2),
(177, '2017-10-03 08:38:40', 'Bases de la programmation n°19 - procédural : exercice18 (fonction dans une fonction)', 'Prérequis : avoir vu les vidéos \"Bases de la programmation\" précédentes\r\nBut : appel d\'une fonction comme argument d\'une autre fonction\r\nLangage : C# sous Visual Studio version entreprise 2017', 'https://i.ytimg.com/vi/kwYLJGVKGNA/default.jpg', 'https://i.ytimg.com/vi/kwYLJGVKGNA/sddefault.jpg', 'kwYLJGVKGNA', 2),
(178, '2017-10-03 08:28:19', 'Bases de la programmation n°18 - procédural : exercice17 (fonction mathématique)', 'Prérequis : avoir vu les vidéos \"Bases de la programmation\" précédentes\r\nBut : découvrir des fonctions mathématiques directement sur la classe Math\r\nLangage : C# sous Visual Studio version entreprise 2017', 'https://i.ytimg.com/vi/OhSdUl7C5eU/default.jpg', 'https://i.ytimg.com/vi/OhSdUl7C5eU/sddefault.jpg', 'OhSdUl7C5eU', 2),
(179, '2017-10-02 08:02:38', 'Bases de la programmation n°17 - procédural : exercice16 (maniplations de chaines)', 'Prérequis : avoir vu les vidéos \"Bases de la programmation\" précédentes\r\nBut : découvrir des fonctions de manipulations de chaines (IndexOf, Substring)\r\nLangage : C# sous Visual Studio version entreprise 2017', 'https://i.ytimg.com/vi/iuh-7-qxFHw/default.jpg', '', 'iuh-7-qxFHw', 2),
(180, '2017-10-02 07:58:40', 'Bases de la programmation n°16 - procédural : exercice15 (maniplations de chaines)', 'Prérequis : avoir vu les vidéos \"Bases de la programmation\" précédentes\r\nBut : découvrir des fonctions de manipulations de chaines (Replace)\r\nLangage : C# sous Visual Studio version entreprise 2017', 'https://i.ytimg.com/vi/xPto2Junk1o/default.jpg', 'https://i.ytimg.com/vi/xPto2Junk1o/sddefault.jpg', 'xPto2Junk1o', 2);
INSERT INTO formation (id, published_at, title, description, miniature, picture, video_id, niveau_id) VALUES
(181, '2017-09-30 15:36:07', 'Bases de la programmation n°15 - procédural : exercice14 (boucles imbriquées)', 'Prérequis : avoir vu les vidéos \"Bases de la programmation\" précédentes\r\nBut : boucles imbriquées\r\nLangage : C# sous Visual Studio version entreprise 2017', 'https://i.ytimg.com/vi/mrwTtcVtR90/default.jpg', 'https://i.ytimg.com/vi/mrwTtcVtR90/sddefault.jpg', 'mrwTtcVtR90', 1),
(182, '2017-09-30 15:31:02', 'Bases de la programmation n°14 - procédural : exercice13 (boucles successives)', 'Prérequis : avoir vu les vidéos \"Bases de la programmation\" précédentes\r\nBut : plusieurs boucles successives\r\nLangage : C# sous Visual Studio version entreprise 2017', 'https://i.ytimg.com/vi/VYC6mG6ILB0/default.jpg', 'https://i.ytimg.com/vi/VYC6mG6ILB0/sddefault.jpg', 'VYC6mG6ILB0', 1),
(183, '2017-09-29 09:19:03', 'Bases de la programmation n°13 - procédural : exercice12 (boucle for)', 'Prérequis : avoir vu les vidéos \"Bases de la programmation\" précédentes\r\nBut : utiliser la boucle for (nombre d\'itération connu)\r\nLangage : C# sous Visual Studio version entreprise 2017', 'https://i.ytimg.com/vi/AxLkmF0aPwM/default.jpg', 'https://i.ytimg.com/vi/AxLkmF0aPwM/sddefault.jpg', 'AxLkmF0aPwM', 2),
(184, '2017-09-29 09:12:52', 'Bases de la programmation n°12 - procédural : exercice11 (boucle for)', 'Prérequis : avoir vu les vidéos \"Bases de la programmation\" précédentes\r\nBut : utiliser la boucle for (nombre d\'itération connu)\r\nLangage : C# sous Visual Studio version entreprise 2017', 'https://i.ytimg.com/vi/7tss6XwFO8I/default.jpg', 'https://i.ytimg.com/vi/7tss6XwFO8I/sddefault.jpg', '7tss6XwFO8I', 3),
(185, '2017-09-28 08:54:50', 'Bases de la programmation n°11 - procédural : exercice10 (boucle do/while)', 'Prérequis : avoir vu les vidéos \"Bases de la programmation\" précédentes\r\nBut : utiliser la boucle do/while pour les test de saisie\r\nLangage : C# sous Visual Studio version entreprise 2017', 'https://i.ytimg.com/vi/INE6HvHBRG0/default.jpg', 'https://i.ytimg.com/vi/INE6HvHBRG0/sddefault.jpg', 'INE6HvHBRG0', 1),
(186, '2017-09-28 08:33:27', 'Bases de la programmation n°10 - procédural : exercice9 (boucle do/while)', 'Prérequis : avoir vu les vidéos \"Bases de la programmation\" précédentes\r\nBut : utiliser la boucle do/while pour les test de saisie\r\nLangage : C# sous Visual Studio version entreprise 2017', 'https://i.ytimg.com/vi/QDo1e7-OxWU/default.jpg', 'https://i.ytimg.com/vi/QDo1e7-OxWU/sddefault.jpg', 'QDo1e7-OxWU', 1),
(187, '2017-09-27 07:45:23', 'Bases de la programmation n°9 - procédural : exercice8 (boucle while)', 'Prérequis : avoir vu les vidéos \"Bases de la programmation\" précédentes\r\nBut : utiliser la boucle universelle while avec question pour arrêter\r\nLangage : C# sous Visual Studio version entreprise 2017', 'https://i.ytimg.com/vi/Pb1esUzrkIA/default.jpg', 'https://i.ytimg.com/vi/Pb1esUzrkIA/sddefault.jpg', 'Pb1esUzrkIA', 2),
(188, '2017-09-27 07:37:08', 'Bases de la programmation n°8 - procédural : exercice7 (boucle while)', 'Prérequis : avoir vu les vidéos \"Bases de la programmation\" précédentes\r\nBut : utiliser la boucle universelle while\r\nLangage : C# sous Visual Studio version entreprise 2017', 'https://i.ytimg.com/vi/XkLPXXSNTqM/default.jpg', 'https://i.ytimg.com/vi/XkLPXXSNTqM/sddefault.jpg', 'XkLPXXSNTqM', 2),
(189, '2017-09-26 09:20:18', 'Bases de la programmation n°7 - procédural : exercice6 (conditions imbriquées)', 'Prérequis : avoir vu les vidéos \"Bases de la programmation\" précédentes\r\nBut : conditions imbriquées\r\nLangage : C# sous Visual Studio version entreprise 2017', 'https://i.ytimg.com/vi/km6yGYNE7U4/default.jpg', 'https://i.ytimg.com/vi/km6yGYNE7U4/sddefault.jpg', 'km6yGYNE7U4', 1),
(190, '2017-09-26 09:11:01', 'Bases de la programmation n°6 - procédural : exercice5 (condition)', 'Prérequis : avoir vu les vidéos \"Bases de la programmation\" précédentes\r\nBut : condition (alternative avec if)\r\nLangage : C# sous Visual Studio version entreprise 2017', 'https://i.ytimg.com/vi/L9ePj3vr8YM/default.jpg', 'https://i.ytimg.com/vi/L9ePj3vr8YM/sddefault.jpg', 'L9ePj3vr8YM', 3),
(191, '2017-09-25 15:44:16', 'Bases de la programmation n°5 - procédural : exercice4 (calcul dans affichage)', 'Prérequis : avoir vu les vidéos \"Bases de la programmation\" précédentes\r\nBut : calcul dans un affichage\r\nLangage : C# sous Visual Studio version entreprise 2017', 'https://i.ytimg.com/vi/ZE0W7HZpStA/default.jpg', 'https://i.ytimg.com/vi/ZE0W7HZpStA/sddefault.jpg', 'ZE0W7HZpStA', 3),
(192, '2017-09-25 15:23:56', 'Bases de la programmation n°4 - procédural : exercice3 (calculs)', 'Prérequis : avoir vu les vidéos \"Bases de la programmation\"\r\n précédentes\r\nBut : découverte du type float et des calculs\r\nLangage : C# sous Visual Studio version entreprise 2017', 'https://i.ytimg.com/vi/wWI4Y8RzJXA/default.jpg', 'https://i.ytimg.com/vi/wWI4Y8RzJXA/sddefault.jpg', 'wWI4Y8RzJXA', 2),
(193, '2017-09-21 15:59:23', 'Bases de la programmation n°3 - procédural : exercice2 (saisie)', 'Prérequis : avoir vu les vidéos \"Bases de la programmation\" précédentes\r\nBut : saisie\r\nLangage : C# sous Visual Studio version entreprise 2017', 'https://i.ytimg.com/vi/URwYM1jToig/default.jpg', 'https://i.ytimg.com/vi/URwYM1jToig/sddefault.jpg', 'URwYM1jToig', 1),
(194, '2017-09-21 14:34:32', 'Bases de la programmation n°2 - procédural : exercice1 (affichage)', 'Prérequis : aucun\r\nBut : initialisation et affichage avec concaténation\r\nLangage : C# sous Visual Studio version entreprise 2017', 'https://i.ytimg.com/vi/w9Vc63-bWhY/default.jpg', 'https://i.ytimg.com/vi/w9Vc63-bWhY/sddefault.jpg', 'w9Vc63-bWhY', 3),
(195, '2017-09-20 17:18:49', 'Bases de la programmation n°1 - procédural : premier exemple', 'REMARQUE IMPORTANTE : désolée pour les écritures trop petites. C\'est plus lisible à partir de la prochaine vidéo.\r\n\r\nPrérequis : aucun\r\nBut : découvrir un tout premier exemple de programme en procédural (jeu du nombre caché) en C# sous Visual Studio (version entreprise 2017)', 'https://i.ytimg.com/vi/iXkPQpzTWO4/default.jpg', 'https://i.ytimg.com/vi/iXkPQpzTWO4/sddefault.jpg', 'iXkPQpzTWO4', 3),
(196, '2017-05-02 09:53:27', 'Exercice triggers, sql et correctifs (correction sql sujet EDC cas aeroplan 2014 BTS SIO)', 'Prérequis : avoir vu le cours triggers (et mcd)\r\nBut : Présenter comment traiter les parties triggers, sql et correctifs d\'un sujet de BTS SIO', 'https://i.ytimg.com/vi/MY3iht6rexA/default.jpg', 'https://i.ytimg.com/vi/MY3iht6rexA/sddefault.jpg', 'MY3iht6rexA', 1),
(197, '2017-05-01 15:45:50', 'Exercice triggers, sql et correctifs (correction sql sujet EDC cas supmaster 2014 BTS SIO)', 'Prérequis : avoir vu le cours triggers (et mcd)\r\nBut : Présenter comment traiter les parties triggers, sql et correctifs d\'un sujet de BTS SIO', 'https://i.ytimg.com/vi/6H4Df5w39OM/default.jpg', 'https://i.ytimg.com/vi/6H4Df5w39OM/sddefault.jpg', '6H4Df5w39OM', 2),
(198, '2017-05-01 15:04:48', 'Exercice triggers, sql et correctifs (correction sql sujet EDC cas music 2015 BTS SIO)', 'Prérequis : avoir vu le cours triggers (et mcd)\r\nBut : Présenter comment traiter les parties triggers, sql et correctifs d\'un sujet de BTS SIO', 'https://i.ytimg.com/vi/8Zso-kf0iFM/default.jpg', 'https://i.ytimg.com/vi/8Zso-kf0iFM/sddefault.jpg', '8Zso-kf0iFM', 3),
(199, '2017-05-01 09:39:16', 'Exercice triggers, sql et correctifs (correction sql sujet EDC cas demguiv 2016 BTS SIO)', 'Prérequis : avoir vu le cours triggers (et mcd)\r\nBut : Présenter comment traiter les parties triggers, sql et correctifs d\'un sujet de BTS SIO', 'https://i.ytimg.com/vi/fyHIL-Vxgjo/default.jpg', 'https://i.ytimg.com/vi/fyHIL-Vxgjo/sddefault.jpg', 'fyHIL-Vxgjo', 2),
(200, '2017-04-29 17:21:15', 'Exercice Objet (correction objet sujet EDC cas gest-pc 2013 BTS SIO)', 'Prérequis : avoir vu le cours (playlist) objet\r\nBut : Présenter comment traiter la partie objet d\'un sujet de BTS SIO', 'https://i.ytimg.com/vi/JauXs6Noh4s/default.jpg', 'https://i.ytimg.com/vi/JauXs6Noh4s/sddefault.jpg', 'JauXs6Noh4s', 3),
(201, '2017-04-29 16:38:25', 'Exercice Objet (correction objet sujet EDC cas equida 2013 BTS SIO)', 'Prérequis : avoir vu le cours (playlist) objet\r\nBut : Présenter comment traiter la partie objet d\'un sujet de BTS SIO', 'https://i.ytimg.com/vi/Pz5-IAoSRRU/default.jpg', 'https://i.ytimg.com/vi/Pz5-IAoSRRU/sddefault.jpg', 'Pz5-IAoSRRU', 3),
(202, '2017-04-28 15:22:40', 'Exercice Objet (correction objet sujet EDC cas aeroplan 2014 BTS SIO)', 'Prérequis : avoir vu le cours (playlist) objet\r\nBut : Présenter comment traiter la partie objet d\'un sujet de BTS SIO', 'https://i.ytimg.com/vi/Rv61mr0_Wx4/default.jpg', 'https://i.ytimg.com/vi/Rv61mr0_Wx4/sddefault.jpg', 'Rv61mr0_Wx4', 2),
(203, '2017-04-28 13:13:34', 'Exercice Objet (correction objet sujet EDC cas supmaster 2014 BTS SIO)', 'Prérequis : avoir vu le cours (playlist) objet\r\nBut : Présenter comment traiter la partie objet d\'un sujet de BTS SIO', 'https://i.ytimg.com/vi/Z4aXK-g_bA8/default.jpg', 'https://i.ytimg.com/vi/Z4aXK-g_bA8/sddefault.jpg', 'Z4aXK-g_bA8', 2),
(204, '2017-04-28 09:58:40', 'Exercice Objet (correction objet sujet EDC cas music 2015 BTS SIO)', 'Prérequis : avoir vu le cours (playlist) objet\r\nBut : Présenter comment traiter la partie objet d\'un sujet de BTS SIO', 'https://i.ytimg.com/vi/NCwfDrWLpSM/default.jpg', 'https://i.ytimg.com/vi/NCwfDrWLpSM/sddefault.jpg', 'NCwfDrWLpSM', 1),
(205, '2017-04-27 15:07:27', 'Exercice Objet (correction objet sujet EDC cas trisel 2015 BTS SIO)', 'Prérequis : avoir vu le cours (playlist) objet\r\nBut : Présenter comment traiter la partie objet d\'un sujet de BTS SIO', 'https://i.ytimg.com/vi/8g2ih2jtYVQ/default.jpg', 'https://i.ytimg.com/vi/8g2ih2jtYVQ/sddefault.jpg', '8g2ih2jtYVQ', 3),
(206, '2017-04-27 11:23:52', 'Exercice Objet (correction objet sujet EDC cas ffbsq 2016 BTS SIO)', 'Prérequis : avoir vu le cours (playlist) objet\r\nBut : Présenter comment traiter la partie objet d\'un sujet de BTS SIO', 'https://i.ytimg.com/vi/uMrdWszfBLE/default.jpg', 'https://i.ytimg.com/vi/uMrdWszfBLE/sddefault.jpg', 'uMrdWszfBLE', 1),
(207, '2017-04-27 09:02:57', 'Exercice Objet (correction objet sujet EDC cas demguiv 2016 BTS SIO)', 'Prérequis : avoir vu le cours (playlist) objet\r\nBut : Présenter comment traiter la partie objet d\'un sujet de BTS SIO', 'https://i.ytimg.com/vi/jgVEK4mu4DA/default.jpg', 'https://i.ytimg.com/vi/jgVEK4mu4DA/sddefault.jpg', 'jgVEK4mu4DA', 2),
(208, '2017-04-26 12:43:55', 'Exercice MCD (correction MCD sujet EDC cas aeroplan 2014 BTS SIO)', 'Prérequis : avoir vu les cours (playlist) MCD et Merise/2\r\nBut : Présenter comment traiter la partie conception de données d\'un sujet de BTS SIO', 'https://i.ytimg.com/vi/RbqgBP1g6Qc/default.jpg', 'https://i.ytimg.com/vi/RbqgBP1g6Qc/sddefault.jpg', 'RbqgBP1g6Qc', 3),
(209, '2017-04-26 11:33:25', 'Exercice MCD (correction MCD sujet EDC cas trisel 2015 BTS SIO)', 'Prérequis : avoir vu les cours (playlist) MCD et Merise/2\r\nBut : Présenter comment traiter la partie conception de données d\'un sujet de BTS SIO', 'https://i.ytimg.com/vi/QUL-nsgSiDg/default.jpg', 'https://i.ytimg.com/vi/QUL-nsgSiDg/sddefault.jpg', 'QUL-nsgSiDg', 2),
(210, '2017-04-26 08:36:12', 'Exercice MCD (correction MCD sujet EDC cas demguiv 2016 BTS SIO)', 'Prérequis : avoir vu les cours (playlist) MCD et Merise/2\r\nBut : Présenter comment traiter la partie conception de données d\'un sujet de BTS SIO', 'https://i.ytimg.com/vi/boS-Tr_SyTQ/default.jpg', 'https://i.ytimg.com/vi/boS-Tr_SyTQ/sddefault.jpg', 'boS-Tr_SyTQ', 3),
(211, '2017-04-25 15:56:23', 'Exercice MCD (correction MCD sujet EDC cas Gest-pc2013 BTS SIO)', 'Prérequis : avoir vu les cours (playlist) MCD et Merise/2\r\nBut : Présenter comment traiter la partie conception de données d\'un sujet de BTS SIO', 'https://i.ytimg.com/vi/P2kngg6zRZo/default.jpg', 'https://i.ytimg.com/vi/P2kngg6zRZo/sddefault.jpg', 'P2kngg6zRZo', 1),
(212, '2017-04-25 13:30:14', 'Exercice MCD (correction MCD sujet EDC cas Equida 2013 BTS SIO)', 'Prérequis : avoir vu les cours (playlist) MCD et Merise/2\r\nBut : Présenter comment traiter la partie conception de données d\'un sujet de BTS SIO', 'https://i.ytimg.com/vi/Uzk3M7OLs5s/default.jpg', 'https://i.ytimg.com/vi/Uzk3M7OLs5s/sddefault.jpg', 'Uzk3M7OLs5s', 3),
(213, '2017-04-25 09:44:18', 'Exercice MCD (correction MCD sujet EDC cas Submaster 2014 BTS SIO)', 'Prérequis : avoir vu les cours (playlist) MCD et Merise/2\r\nBut : Présenter comment traiter la partie conception de données d\'un sujet de BTS SIO', 'https://i.ytimg.com/vi/v1dKMDAH2r4/default.jpg', 'https://i.ytimg.com/vi/v1dKMDAH2r4/sddefault.jpg', 'v1dKMDAH2r4', 1),
(214, '2017-04-25 07:35:18', 'Exercice MCD (correction MCD sujet EDC cas FFBSQ 2016 BTS SIO)', 'Prérequis : avoir vu les cours (playlist) MCD et Merise/2\r\nBut : Présenter comment traiter la partie conception de données d\'un sujet de BTS SIO', 'https://i.ytimg.com/vi/dUAw4XztT6w/default.jpg', 'https://i.ytimg.com/vi/dUAw4XztT6w/sddefault.jpg', 'dUAw4XztT6w', 1),
(215, '2017-04-25 07:17:57', 'Exercice MCD (correction MCD sujet EDC cas Music 2015 BTS SIO)', 'Prérequis : avoir vu les cours (playlist) MCD et Merise/2\r\nBut : Présenter comment traiter la partie conception de données d\'un sujet de BTS SIO', 'https://i.ytimg.com/vi/nNkZU9DuhJI/default.jpg', 'https://i.ytimg.com/vi/nNkZU9DuhJI/sddefault.jpg', 'nNkZU9DuhJI', 2),
(216, '2017-03-01 21:07:57', 'Cours Composant logiciel (11 à 14 / 14) : web service', 'Prérequis : aucun\r\nBut : présenter succinctement la notion de composant logiciel et en exemple le web service\r\nLe cours est constitué de 14 diapos, découpées en 2 vidéos (durée totale 26mn) :\r\n1-10 : notion de composant logiciel\r\n11-14 : web service\r\n\r\nLien vers le pdf du cours :\r\nhttp://bit.ly/EmdsComposants_logiciels', 'https://i.ytimg.com/vi/fNG2htDCjkM/default.jpg', 'https://i.ytimg.com/vi/fNG2htDCjkM/sddefault.jpg', 'fNG2htDCjkM', 3),
(217, '2017-03-01 20:59:23', 'Cours Composant logiciel (1 à 10 / 14) : notion de composant logiciel', 'Prérequis : aucun\r\nBut : présenter succinctement la notion de composant logiciel et en exemple le web service\r\nLe cours est constitué de 14 diapos, découpées en 2 vidéos (durée totale 26mn) :\r\n1-10 : notion de composant logiciel\r\n11-14 : web service\r\n\r\nLien vers le pdf du cours :\r\nhttp://bit.ly/EmdsComposants_logiciels', 'https://i.ytimg.com/vi/qpQ1tVIQSck/default.jpg', 'https://i.ytimg.com/vi/qpQ1tVIQSck/sddefault.jpg', 'qpQ1tVIQSck', 1),
(218, '2016-11-29 13:29:33', 'Cours MCD MLD MPD (10 à 19 / 19) : exercices', 'REMARQUE IMPORTANTE : si vous êtes à la recherche d\'un cours sur les MCD, c\'est plutôt ici :\r\nhttps://youtu.be/VFHVNA8xgK0\r\n\r\nPrérequis : connaissances en MCD\r\nBut : montrer comment passer du MCD au MLD puis MPD pour créer la base de données\r\nLe cours est constitué de 19 diapos, découpées en 2 vidéos (durée totale 28mn) :\r\n1-9 : introduction, entités, associations, héritage, contraintes\r\n10-19 : exercices\r\n\r\nLien vers le pdf du cours :\r\nhttp://bit.ly/EmdsMCD_MLD_MPD', 'https://i.ytimg.com/vi/lDowNcaRJ9I/default.jpg', 'https://i.ytimg.com/vi/lDowNcaRJ9I/sddefault.jpg', 'lDowNcaRJ9I', 1),
(219, '2016-11-29 13:22:26', 'Cours MCD MLD MPD (1 à 9 / 19) : introduction, entités, associations, héritage, contraintes', 'REMARQUE IMPORTANTE : si vous êtes à la recherche d\'un cours sur les MCD, c\'est plutôt ici :\r\nhttps://youtu.be/VFHVNA8xgK0\r\n\r\nPrérequis : connaissances en MCD\r\nBut : montrer comment passer du MCD au MLD puis MPD pour créer la base de données\r\nLe cours est constitué de 19 diapos, découpées en 2 vidéos (durée totale 28mn) :\r\n1-9 : introduction, entités, associations, héritage, contraintes\r\n10-19 : exercices\r\n\r\nLien vers le pdf du cours :\r\nhttp://bit.ly/EmdsMCD_MLD_MPD', 'https://i.ytimg.com/vi/NZIi6b72NBk/default.jpg', 'https://i.ytimg.com/vi/NZIi6b72NBk/sddefault.jpg', 'NZIi6b72NBk', 2),
(220, '2016-11-29 13:12:23', 'Cours MCD vs Diagramme de classes (12 à 20 / 20) : héritage, contraintes, exercices', 'Prérequis : connaissances en MCD et Diagramme de classes\r\nBut : montrer comment passer du MCD au Diagramme de classes\r\nLe cours est constitué de 20 diapos, découpées en 2 vidéos (durée totale 26mn) :\r\n1-11 : introduction, entités, associations\r\n12-20 : héritage, contraintes, exercices\r\n\r\nLien vers le pdf du cours :\r\nhttp://bit.ly/EmdsMCD_vs_UML', 'https://i.ytimg.com/vi/3fZo3FYVGA4/default.jpg', 'https://i.ytimg.com/vi/3fZo3FYVGA4/sddefault.jpg', '3fZo3FYVGA4', 2),
(221, '2016-11-29 12:57:48', 'Cours MCD vs Diagramme de classes (1 à 11 / 20) : introduction, entités, associations', 'Prérequis : connaissances en MCD et Diagramme de classes\r\nBut : montrer comment passer du MCD au Diagramme de classes\r\nLe cours est constitué de 20 diapos, découpées en 2 vidéos (durée totale 26mn) :\r\n1-11 : introduction, entités, associations\r\n12-20 : héritage, contraintes, exercices\r\n\r\nLien vers le pdf du cours :\r\nhttp://bit.ly/EmdsMCD_vs_UML', 'https://i.ytimg.com/vi/LxpWExZwKQs/default.jpg', 'https://i.ytimg.com/vi/LxpWExZwKQs/sddefault.jpg', 'LxpWExZwKQs', 2),
(222, '2016-11-02 15:42:20', 'Cours Transactions et verrous (14 à 17 / 17) : risques sur les verrous et cas d\'utilisation', 'Prérequis : connaissances basiques en SQL\r\nBut : présentation des transactions sql et de leur niveau d\'isolement, ainsi que des verrous explicites (programmation dans un SGBDR)\r\nLe cours est constitué de 17 diapos, découpées en 3 vidéos (durée totale 32mn) :\r\n1-6 : transactions\r\n7-13 : verrous et problèmes d\'accès\r\n14-17 : risques sur les verrous et cas d\'utilisation\r\n\r\nlien vers le pdf du cours :\r\nhttp://bit.ly/EmdsTransactions_verrous', 'https://i.ytimg.com/vi/4yW0fTIQW6k/default.jpg', 'https://i.ytimg.com/vi/4yW0fTIQW6k/sddefault.jpg', '4yW0fTIQW6k', 3),
(223, '2016-11-02 15:36:28', 'Cours Transactions et verrous (7 à 13 / 17) : verrous et problèmes d\'accès', 'Prérequis : connaissances basiques en SQL\r\nBut : présentation des transactions sql et de leur niveau d\'isolement, ainsi que des verrous explicites (programmation dans un SGBDR)\r\nLe cours est constitué de 17 diapos, découpées en 3 vidéos (durée totale 32mn) :\r\n1-6 : transactions\r\n7-13 : verrous et problèmes d\'accès\r\n14-17 : risques sur les verrous et cas d\'utilisation\r\n\r\nlien vers le pdf du cours :\r\nhttp://bit.ly/EmdsTransactions_verrous', 'https://i.ytimg.com/vi/o7Yjg8Ct4Bs/default.jpg', 'https://i.ytimg.com/vi/o7Yjg8Ct4Bs/sddefault.jpg', 'o7Yjg8Ct4Bs', 1),
(224, '2016-11-02 15:29:36', 'Cours Transactions et verrous (1 à 6 / 17) : transactions', 'Prérequis : connaissances basiques en SQL\r\nBut : présentation des transactions sql et de leur niveau d\'isolement, ainsi que des verrous explicites (programmation dans un SGBDR)\r\nLe cours est constitué de 17 diapos, découpées en 3 vidéos (durée totale 32mn) :\r\n1-6 : transactions\r\n7-13 : verrous et problèmes d\'accès\r\n14-17 : risques sur les verrous et cas d\'utilisation\r\n\r\nlien vers le pdf du cours :\r\nhttp://bit.ly/EmdsTransactions_verrous', 'https://i.ytimg.com/vi/A6tY7ZqiyVw/default.jpg', 'https://i.ytimg.com/vi/A6tY7ZqiyVw/sddefault.jpg', 'A6tY7ZqiyVw', 1),
(225, '2016-10-31 14:20:35', 'Cours Curseurs(5 à 8 / 8) : curseur historique et curseur dans le SGBDR', 'Prérequis : connaissances en programmation et en SQL\r\nBut : présentation des 3 catégories de curseurs (programmation dans un SGBDR)\r\nLe cours est constitué de 8 diapos, découpées en 2 vidéos (durée totale 25mn) :\r\n1-4 : introduction et curseur objet\r\n5-8 : curseur historique et curseur dans le SGBDR\r\n\r\nlien vers le pdf du cours :\r\nhttp://bit.ly/EmdsCurseurs', 'https://i.ytimg.com/vi/4H2GMEwqCjA/default.jpg', 'https://i.ytimg.com/vi/4H2GMEwqCjA/sddefault.jpg', '4H2GMEwqCjA', 1),
(226, '2016-10-31 14:06:48', 'Cours Curseurs(1 à 4 / 8) : introduction et curseur objet', 'Prérequis : connaissances en programmation et en SQL\r\nBut : présentation des 3 catégories de curseurs (programmation dans un SGBDR)\r\nLe cours est constitué de 8 diapos, découpées en 2 vidéos (durée totale 25mn) :\r\n1-4 : introduction et curseur objet\r\n5-8 : curseur historique et curseur dans le SGBDR\r\n\r\nlien vers le pdf du cours :\r\nhttp://bit.ly/EmdsCurseurs', 'https://i.ytimg.com/vi/Y09HkNAQTKw/default.jpg', 'https://i.ytimg.com/vi/Y09HkNAQTKw/sddefault.jpg', 'Y09HkNAQTKw', 2),
(227, '2016-10-29 13:19:09', 'Cours Triggers (26 à 32 / 32) : procédures et fonctions stockées', 'Prérequis : connaissances en Merise2 (playlists MCD et Merise2) et SQL\r\nBut : introduction aux triggers et procédures stockées (programmation dans un SGBDR)\r\nLe cours est constitué de 32 diapos, découpées en 6 vidéos (durée totale 57mn) :\r\n1-4 : introduction\r\n5-9 : exemple trigger sur exclusion\r\n10-14 : exemple trigger sur inclusion\r\n15-20 : syntaxe du langage\r\n21-25 : inclusion multiple et autres exemples de triggers\r\n26-32 : procédures et fonctions stockées\r\n\r\nlien vers le pdf du cours :\r\nhttp://bit.ly/EmdsTriggers', 'https://i.ytimg.com/vi/9WgLpEa8U-0/default.jpg', 'https://i.ytimg.com/vi/9WgLpEa8U-0/sddefault.jpg', '9WgLpEa8U-0', 3),
(228, '2016-10-29 13:13:11', 'Cours Triggers (21 à 25 / 32) : inclusion multiple et autres exemples de triggers', 'Prérequis : connaissances en Merise2 (playlists MCD et Merise2) et SQL\r\nBut : introduction aux triggers et procédures stockées (programmation dans un SGBDR)\r\nLe cours est constitué de 32 diapos, découpées en 6 vidéos (durée totale 57mn) :\r\n1-4 : introduction\r\n5-9 : exemple trigger sur exclusion\r\n10-14 : exemple trigger sur inclusion\r\n15-20 : syntaxe du langage\r\n21-25 : inclusion multiple et autres exemples de triggers\r\n26-32 : procédures et fonctions stockées\r\n\r\nlien vers le pdf du cours :\r\nhttp://bit.ly/EmdsTriggers', 'https://i.ytimg.com/vi/UHV1x3MO6yQ/default.jpg', 'https://i.ytimg.com/vi/UHV1x3MO6yQ/sddefault.jpg', 'UHV1x3MO6yQ', 3),
(229, '2016-10-29 13:10:02', 'Cours Triggers (15 à 20 / 32) : syntaxe du langage', 'Prérequis : connaissances en Merise2 (playlists MCD et Merise2) et SQL\r\nBut : introduction aux triggers et procédures stockées (programmation dans un SGBDR)\r\nLe cours est constitué de 32 diapos, découpées en 6 vidéos (durée totale 57mn) :\r\n1-4 : introduction\r\n5-9 : exemple trigger sur exclusion\r\n10-14 : exemple trigger sur inclusion\r\n15-20 : syntaxe du langage\r\n21-25 : inclusion multiple et autres exemples de triggers\r\n26-32 : procédures et fonctions stockées\r\n\r\nlien vers le pdf du cours :\r\nhttp://bit.ly/EmdsTriggers', 'https://i.ytimg.com/vi/FKmNkR--SAI/default.jpg', 'https://i.ytimg.com/vi/FKmNkR--SAI/sddefault.jpg', 'FKmNkR--SAI', 2),
(230, '2016-10-29 13:06:28', 'Cours Triggers (10 à 14 / 32) : exemple trigger sur inclusion', 'Prérequis : connaissances en Merise2 (playlists MCD et Merise2) et SQL\r\nBut : introduction aux triggers et procédures stockées (programmation dans un SGBDR)\r\nLe cours est constitué de 32 diapos, découpées en 6 vidéos (durée totale 57mn) :\r\n1-4 : introduction\r\n5-9 : exemple trigger sur exclusion\r\n10-14 : exemple trigger sur inclusion\r\n15-20 : syntaxe du langage\r\n21-25 : inclusion multiple et autres exemples de triggers\r\n26-32 : procédures et fonctions stockées\r\n\r\nlien vers le pdf du cours :\r\nhttp://bit.ly/EmdsTriggers', 'https://i.ytimg.com/vi/1y6rUzV-tVs/default.jpg', 'https://i.ytimg.com/vi/1y6rUzV-tVs/sddefault.jpg', '1y6rUzV-tVs', 2),
(231, '2016-10-29 13:02:04', 'Cours Triggers (5 à 9 / 32) : exemple trigger sur exclusion', 'Prérequis : connaissances en Merise2 (playlists MCD et Merise2) et SQL\r\nBut : introduction aux triggers et procédures stockées (programmation dans un SGBDR)\r\nLe cours est constitué de 32 diapos, découpées en 6 vidéos (durée totale 57mn) :\r\n1-4 : introduction\r\n5-9 : exemple trigger sur exclusion\r\n10-14 : exemple trigger sur inclusion\r\n15-20 : syntaxe du langage\r\n21-25 : inclusion multiple et autres exemples de triggers\r\n26-32 : procédures et fonctions stockées\r\n\r\nlien vers le pdf du cours :\r\nhttp://bit.ly/EmdsTriggers', 'https://i.ytimg.com/vi/im5gkHcQ5Qw/default.jpg', 'https://i.ytimg.com/vi/im5gkHcQ5Qw/sddefault.jpg', 'im5gkHcQ5Qw', 3),
(232, '2016-10-29 12:56:42', 'Cours Triggers (1 à 4 / 32) : introduction', 'Prérequis : connaissances en Merise2 (playlists MCD et Merise2) et SQL\r\nBut : introduction aux triggers et procédures stockées (programmation dans un SGBDR)\r\nLe cours est constitué de 32 diapos, découpées en 6 vidéos (durée totale 57mn) :\r\n1-4 : introduction\r\n5-9 : exemple trigger sur exclusion\r\n10-14 : exemple trigger sur inclusion\r\n15-20 : syntaxe du langage\r\n21-25 : inclusion multiple et autres exemples de triggers\r\n26-32 : procédures et fonctions stockées\r\n\r\nlien vers le pdf du cours :\r\nhttp://bit.ly/EmdsTriggers\r\nlien vers le pptx du cours :\r\nhttp://bit.ly/EmdsTriggersSlides', 'https://i.ytimg.com/vi/uDAhSKJW2ic/default.jpg', 'https://i.ytimg.com/vi/uDAhSKJW2ic/sddefault.jpg', 'uDAhSKJW2ic', 1),
(233, '2016-10-27 13:58:53', 'Cours Informatique embarquée', 'Présentation sur l\'informatique embarquée et plus précisément sur la programmation des smartphones et tablettes.\r\n\r\n\r\nERRATUM : à 2:58 je disais qu\'une application web ne peut pas accéder aux fonctionnalités spécifiques aux mobile. C\'est faux car il existe des fonctions JavaScript qui maintenant le permettent. \r\n\r\nLien vers le pdf du cours :\r\nhttp://bit.ly/EmdsInformatique_embarquee', 'https://i.ytimg.com/vi/qX3LPE9yB_I/default.jpg', 'https://i.ytimg.com/vi/qX3LPE9yB_I/sddefault.jpg', 'qX3LPE9yB_I', 1),
(234, '2016-09-25 10:14:27', 'Cours UML (25 à 33 / 33) : exercices', 'But : notions globales du langage de modélisation UML\r\nLe cours est constitué de 33 diapos, découpées en 6 vidéos (durée totale 57mn) :\r\n1-7 : introduction et cas d\'utilisation\r\n8-11 : diagramme de classes\r\n12-15 : diagramme d\'états\r\n16-18 : diagramme de séquences\r\n19-24 : autres diagrammes\r\n25-33 : exercices\r\n\r\nlien vers le pdf du cours :\r\nhttp://bit.ly/EmdsUML', 'https://i.ytimg.com/vi/YlcRl07eHXk/default.jpg', 'https://i.ytimg.com/vi/YlcRl07eHXk/sddefault.jpg', 'YlcRl07eHXk', 3),
(235, '2016-09-25 10:10:29', 'Cours UML (19 à 24 / 33) : autres diagrammes', 'But : notions globales du langage de modélisation UML\r\nLe cours est constitué de 33 diapos, découpées en 6 vidéos (durée totale 57mn) :\r\n1-7 : introduction et cas d\'utilisation\r\n8-11 : diagramme de classes\r\n12-15 : diagramme d\'états\r\n16-18 : diagramme de séquences\r\n19-24 : autres diagrammes\r\n25-33 : exercices\r\n\r\nlien vers le pdf du cours :\r\nhttp://bit.ly/EmdsUML', 'https://i.ytimg.com/vi/8g31nOjPNEM/default.jpg', 'https://i.ytimg.com/vi/8g31nOjPNEM/sddefault.jpg', '8g31nOjPNEM', 3),
(236, '2016-09-25 10:07:22', 'Cours UML (16 à 18 / 33) : diagramme de séquences', 'But : notions globales du langage de modélisation UML\r\nLe cours est constitué de 33 diapos, découpées en 6 vidéos (durée totale 57mn) :\r\n1-7 : introduction et cas d\'utilisation\r\n8-11 : diagramme de classes\r\n12-15 : diagramme d\'états\r\n16-18 : diagramme de séquences\r\n19-24 : autres diagrammes\r\n25-33 : exercices\r\n\r\nlien vers le pdf du cours :\r\nhttp://bit.ly/EmdsUML', 'https://i.ytimg.com/vi/OL2Ks4jeUZ0/default.jpg', 'https://i.ytimg.com/vi/OL2Ks4jeUZ0/sddefault.jpg', 'OL2Ks4jeUZ0', 1),
(237, '2016-09-25 10:04:32', 'Cours UML (12 à 15 / 33) : diagramme d\'états', 'But : notions globales du langage de modélisation UML\r\nLe cours est constitué de 33 diapos, découpées en 6 vidéos (durée totale 57mn) :\r\n1-7 : introduction et cas d\'utilisation\r\n8-11 : diagramme de classes\r\n12-15 : diagramme d\'états\r\n16-18 : diagramme de séquences\r\n19-24 : autres diagrammes\r\n25-33 : exercices\r\n\r\nlien vers le pdf du cours :\r\nhttp://bit.ly/EmdsUML', 'https://i.ytimg.com/vi/L1x4sLVR7CI/default.jpg', 'https://i.ytimg.com/vi/L1x4sLVR7CI/sddefault.jpg', 'L1x4sLVR7CI', 2),
(238, '2016-09-25 09:59:36', 'Cours UML (8 à 11 / 33) : diagramme de classes', 'But : notions globales du langage de modélisation UML\r\nLe cours est constitué de 33 diapos, découpées en 6 vidéos (durée totale 57mn) :\r\n1-7 : introduction et cas d\'utilisation\r\n8-11 : diagramme de classes\r\n12-15 : diagramme d\'états\r\n16-18 : diagramme de séquences\r\n19-24 : autres diagrammes\r\n25-33 : exercices\r\n\r\nlien vers le pdf du cours :\r\nhttp://bit.ly/EmdsUML', 'https://i.ytimg.com/vi/8PmTJIrlS5w/default.jpg', 'https://i.ytimg.com/vi/8PmTJIrlS5w/sddefault.jpg', '8PmTJIrlS5w', 1),
(239, '2016-09-25 09:54:02', 'Cours UML (1 à 7 / 33) : introduction et cas d\'utilisation', 'But : notions globales du langage de modélisation UML\r\nLe cours est constitué de 33 diapos, découpées en 6 vidéos (durée totale 57mn) :\r\n1-7 : introduction et cas d\'utilisation\r\n8-11 : diagramme de classes\r\n12-15 : diagramme d\'états\r\n16-18 : diagramme de séquences\r\n19-24 : autres diagrammes\r\n25-33 : exercices\r\n\r\nlien vers le pdf du cours :\r\nhttp://bit.ly/EmdsUML\r\n\r\n\r\nRemarque :\r\nDe nouvelles vidéos sur UML :\r\nDiagramme de cas d\'utilisation : https://youtu.be/LDTDlXMV1xY', 'https://i.ytimg.com/vi/dJd6azZr9Kg/default.jpg', 'https://i.ytimg.com/vi/dJd6azZr9Kg/sddefault.jpg', 'dJd6azZr9Kg', 3),
(249, '2022-02-09 00:00:00', 'A Better Git Workflow with Rebase', 'On this \"Coding Tip of the Day\" I\'ll show you a different way of approaching git branching/merging with rebase. My team at Amazon adopted the workflow you\'ll see in the video and we love it. Whether you\'re mostly a solo developer or on a large team, give this a shot, I guarantee that even if you don\'t use rebase all the time, it will become an essential part of your development toolkit.', 'http://i3.ytimg.com/vi/f1wnYdLEpgI/hqdefault.jpg', 'https://i3.ytimg.com/vi/f1wnYdLEpgI/maxresdefault.jpg', 'f1wnYdLEpgI', 2);

-- --------------------------------------------------------

--
-- Structure de la table niveau
--

DROP TABLE IF EXISTS niveau;
CREATE TABLE niveau (
  id int(11) NOT NULL,
  level varchar(30) COLLATE utf8mb4_unicode_ci NOT NULL
) ENGINE=InnoDB DEFAULT CHARSET=utf8mb4 COLLATE=utf8mb4_unicode_ci;

--
-- Déchargement des données de la table niveau
--

INSERT INTO niveau (id, `level`) VALUES
(1, 'débutant'),
(2, 'confirmé'),
(3, 'expert');

-- --------------------------------------------------------

--
-- Structure de la table `user`
--

DROP TABLE IF EXISTS user;
CREATE TABLE `user` (
  id int(11) NOT NULL,
  email varchar(180) COLLATE utf8mb4_unicode_ci NOT NULL,
  roles longtext COLLATE utf8mb4_unicode_ci NOT NULL COMMENT '(DC2Type:json)',
  password varchar(255) COLLATE utf8mb4_unicode_ci NOT NULL
) ENGINE=InnoDB DEFAULT CHARSET=utf8mb4 COLLATE=utf8mb4_unicode_ci;

--
-- Déchargement des données de la table `user`
--

INSERT INTO `user` (id, email, roles, `password`) VALUES
(1, 'hello@user.com', '[\"ROLE_USER\"]', '$argon2id$v=19$m=65536,t=4,p=1$Q0JwT0V1SGdKY2R2N0w2Uw$9J2jbSipnCyxbuHkpki7xLNqGRq2/fsKG5EKisFYcY8'),
(2, 'hello@admin.com', '[\"ROLE_ADMIN\"]', '$argon2id$v=19$m=65536,t=4,p=1$VjQ4RWNVcG4zVDEueGh6Ng$+mlrF4vDQds6QRUZ1jk2kHPr0YL07k0iHT0Ft49J67U');

--
-- Index pour les tables déchargées
--

--
-- Index pour la table doctrine_migration_versions
--
ALTER TABLE doctrine_migration_versions
  ADD PRIMARY KEY (version);

--
-- Index pour la table formation
--
ALTER TABLE formation
  ADD PRIMARY KEY (id),
  ADD KEY IDX_404021BFB3E9C81 (niveau_id);

--
-- Index pour la table niveau
--
ALTER TABLE niveau
  ADD PRIMARY KEY (id);

--
-- Index pour la table `user`
--
ALTER TABLE `user`
  ADD PRIMARY KEY (id),
  ADD UNIQUE KEY UNIQ_8D93D649E7927C74 (email);

--
-- AUTO_INCREMENT pour les tables déchargées
--

--
-- AUTO_INCREMENT pour la table formation
--
ALTER TABLE formation
  MODIFY id int(11) NOT NULL AUTO_INCREMENT, AUTO_INCREMENT=321;

--
-- AUTO_INCREMENT pour la table niveau
--
ALTER TABLE niveau
  MODIFY id int(11) NOT NULL AUTO_INCREMENT, AUTO_INCREMENT=45;

--
-- AUTO_INCREMENT pour la table `user`
--
ALTER TABLE `user`
  MODIFY id int(11) NOT NULL AUTO_INCREMENT, AUTO_INCREMENT=3;

--
-- Contraintes pour les tables déchargées
--

--
-- Contraintes pour la table formation
--
ALTER TABLE formation
  ADD CONSTRAINT FK_404021BFB3E9C81 FOREIGN KEY (niveau_id) REFERENCES niveau (id);
COMMIT;

/*!40101 SET CHARACTER_SET_CLIENT=@OLD_CHARACTER_SET_CLIENT */;
/*!40101 SET CHARACTER_SET_RESULTS=@OLD_CHARACTER_SET_RESULTS */;
/*!40101 SET COLLATION_CONNECTION=@OLD_COLLATION_CONNECTION */;
